1,44,7,0,0,44
2,20,10,0,0,40
3,46,6,0,0,37
4,39,9,0,0,50
5,34,9,0,0,40
6,19,9,0,0,35
7,27,9,5178,0,40
8,53,5,0,0,40
9,46,11,0,0,40
10,23,13,2907,0,40
11,39,10,0,0,40
12,30,9,0,0,40
13,53,14,0,0,45
14,33,5,0,0,40
15,22,10,0,0,40
16,44,10,0,0,35
17,30,10,0,0,40
18,66,10,0,0,20
19,39,13,0,0,40
20,37,9,0,0,50
21,34,9,0,0,40
22,17,7,0,0,20
23,43,13,0,0,60
24,46,13,0,0,50
25,17,7,0,0,20
26,60,4,3137,0,40
27,63,14,5013,0,40
28,42,12,0,0,40
29,30,5,0,0,40
30,33,9,0,0,40
31,43,10,0,0,40
32,20,5,0,0,40
33,30,10,0,0,72
34,37,9,0,0,45
35,33,10,0,0,40
36,49,13,0,0,40
37,65,9,0,0,17
38,35,15,0,0,55
39,27,13,0,0,40
40,33,9,0,1977,45
41,18,8,0,0,20
42,41,14,0,0,50
43,38,13,0,1340,40
44,45,9,0,0,40
45,18,10,0,0,40
46,33,10,0,0,38
47,28,9,0,0,40
48,47,9,0,0,40
49,30,12,0,0,20
50,36,12,0,0,40
51,21,9,0,0,30
52,44,13,0,0,40
53,33,9,0,0,20
54,61,9,0,0,6
55,29,10,0,0,40
56,45,10,0,0,40
57,18,9,0,0,60
58,29,11,0,1564,56
59,27,13,0,0,40
60,21,10,0,0,20
61,22,10,3781,0,35
62,49,10,0,0,45
63,35,10,0,0,50
64,47,9,5178,0,40
65,37,10,0,0,40
66,37,11,0,0,48
67,26,9,0,0,40
68,18,9,0,0,40
69,55,10,0,0,45
70,47,12,5178,0,50
71,59,9,0,0,40
72,70,9,0,0,5
73,53,9,0,0,40
74,39,9,0,0,40
75,38,5,0,0,40
76,33,10,0,0,50
77,19,10,0,0,40
78,28,9,0,0,40
79,74,6,0,0,1
80,40,13,0,0,40
81,35,11,0,0,40
82,35,9,0,0,50
83,41,10,0,0,40
84,38,10,0,0,50
85,29,6,0,0,35
86,46,9,0,0,50
87,46,9,0,0,40
88,40,13,0,0,60
89,29,13,7688,0,40
90,39,12,0,0,60
91,31,9,0,0,60
92,50,14,4650,0,70
93,31,13,0,0,40
94,27,10,0,0,45
95,27,10,0,0,25
96,28,13,0,0,20
97,21,9,0,0,30
98,57,13,0,0,40
99,56,14,0,0,40
100,22,9,0,0,40
101,48,1,0,0,40
102,36,10,0,0,55
103,51,8,0,0,40
104,39,12,0,0,48
105,43,9,0,0,70
106,38,14,0,0,40
107,51,9,0,0,40
108,43,9,0,0,40
109,44,14,7298,0,40
110,35,9,0,0,50
111,40,9,0,1902,40
112,39,6,0,0,12
113,47,4,0,0,40
114,23,1,0,0,15
115,26,7,0,0,40
116,25,9,0,0,40
117,29,10,0,0,42
118,30,9,0,0,45
119,57,13,0,1485,40
120,37,11,0,0,40
121,39,13,3103,0,48
122,37,14,0,0,40
123,45,9,0,0,40
124,21,10,0,0,16
125,25,10,0,0,40
126,61,9,0,0,40
127,59,9,2414,0,15
128,28,9,0,0,40
129,24,10,0,0,40
130,47,9,0,0,40
131,29,9,0,0,80
132,49,5,0,0,20
133,41,13,0,0,35
134,33,10,0,0,40
135,20,10,0,0,40
136,40,16,0,1977,20
137,32,10,0,0,16
138,48,13,0,0,40
139,24,10,0,0,40
140,50,11,0,0,38
141,31,9,0,0,40
142,23,11,0,0,55
143,35,9,0,0,40
144,50,9,0,0,40
145,39,5,0,0,50
146,52,4,0,0,48
147,44,9,0,0,80
148,43,13,0,0,50
149,39,9,0,0,40
150,33,4,0,0,40
151,31,14,0,1564,40
152,40,10,0,0,40
153,28,15,0,0,40
154,19,8,0,0,25
155,35,11,0,0,50
156,44,13,0,0,60
157,40,13,0,0,40
158,20,10,0,0,35
159,55,9,0,0,48
160,30,4,0,0,35
161,38,9,0,0,55
162,75,9,2653,0,20
163,17,7,0,0,15
164,79,14,20051,0,40
165,20,10,0,0,30
166,25,12,0,0,30
167,27,13,0,0,45
168,19,10,0,0,20
169,21,10,0,0,40
170,19,10,0,0,20
171,42,10,0,0,40
172,28,6,0,0,36
173,47,10,0,0,40
174,59,10,0,0,32
175,50,9,0,0,40
176,48,9,0,0,80
177,33,9,0,0,40
178,27,12,0,0,40
179,45,16,99999,0,30
180,24,4,0,0,40
181,31,9,0,0,40
182,24,3,0,0,40
183,29,9,0,0,40
184,24,9,0,0,30
185,24,13,0,0,30
186,28,10,0,0,45
187,63,9,0,0,40
188,36,10,0,0,50
189,58,4,0,0,40
190,51,10,0,0,36
191,42,10,0,0,50
192,39,10,0,0,40
193,26,13,0,0,40
194,39,10,0,0,40
195,28,13,0,0,45
196,51,13,15024,0,40
197,45,13,0,0,40
198,45,11,0,0,40
199,23,13,0,0,40
200,38,10,0,1408,40
201,38,7,0,0,36
202,39,10,0,0,40
203,52,11,0,0,50
204,17,8,0,0,6
205,31,13,0,0,50
206,22,9,0,0,24
207,47,9,1831,0,38
208,28,10,0,0,40
209,30,9,0,0,40
210,41,9,0,0,50
211,29,14,0,0,42
212,42,15,0,0,60
213,52,10,0,0,40
214,35,13,0,0,40
215,28,12,0,0,40
216,46,14,7688,0,46
217,21,10,2176,0,40
218,45,9,0,0,40
219,21,9,0,0,40
220,74,6,0,0,20
221,29,9,0,0,40
222,39,9,0,0,40
223,44,10,7688,0,45
224,23,13,0,0,40
225,32,12,0,0,40
226,61,6,0,0,40
227,43,9,0,0,30
228,23,1,0,0,40
229,18,10,0,0,38
230,38,9,0,0,40
231,33,13,4650,0,35
232,19,10,0,0,35
233,23,10,4101,0,40
234,37,9,0,0,45
235,25,9,0,0,40
236,36,9,0,0,43
237,45,8,3103,0,40
238,32,13,0,0,48
239,65,7,0,0,15
240,18,7,0,0,40
241,25,9,0,0,40
242,29,14,0,0,65
243,53,10,0,0,40
244,33,16,0,0,60
245,27,13,0,0,45
246,24,9,0,0,40
247,54,4,0,0,50
248,23,10,0,0,30
249,45,11,0,0,40
250,36,10,0,0,35
251,36,7,5178,0,40
252,44,14,0,1669,40
253,24,9,0,0,40
254,39,10,0,1380,70
255,50,9,0,0,40
256,38,9,15024,0,40
257,58,13,0,0,40
258,44,9,0,0,48
259,24,13,0,0,55
260,52,9,15024,0,40
261,46,13,8614,0,40
262,50,16,15024,0,60
263,34,12,0,0,44
264,40,12,0,0,40
265,53,13,0,0,40
266,24,9,0,0,40
267,58,13,0,0,70
268,26,10,0,0,45
269,22,12,0,0,40
270,36,9,0,0,40
271,78,12,0,0,4
272,36,13,0,0,45
273,43,13,0,0,28
274,60,4,0,0,40
275,49,14,7298,0,40
276,50,4,0,1977,63
277,34,4,0,0,10
278,46,10,0,0,40
279,46,13,0,0,40
280,69,9,0,0,20
281,32,6,0,0,40
282,40,13,0,0,50
283,61,3,3411,0,45
284,56,10,0,0,40
285,47,9,0,0,40
286,29,9,0,0,40
287,37,9,0,0,46
288,51,15,0,2559,50
289,44,14,0,1902,40
290,33,9,0,0,40
291,51,15,0,0,80
292,24,11,0,0,40
293,37,11,0,0,40
294,40,10,0,0,40
295,34,14,0,0,40
296,61,13,0,0,40
297,56,9,0,0,40
298,69,7,0,0,20
299,41,11,0,0,10
300,40,9,0,0,40
301,57,10,0,0,40
302,26,13,0,0,55
303,53,9,0,0,46
304,90,4,0,0,15
305,39,13,0,0,55
306,51,13,0,0,40
307,56,13,0,0,40
308,51,6,0,0,40
309,17,8,0,0,20
310,42,10,0,1741,50
311,42,10,0,0,40
312,29,15,27828,0,45
313,33,13,0,0,40
314,47,15,0,0,60
315,43,10,0,0,40
316,64,15,0,0,9
317,40,9,0,0,60
318,21,3,0,0,40
319,31,10,0,0,40
320,60,11,0,0,40
321,32,8,0,0,40
322,66,13,6767,0,20
323,27,9,0,0,20
324,40,9,0,0,40
325,27,9,0,0,40
326,18,10,0,0,30
327,43,9,0,0,40
328,52,9,0,0,48
329,31,9,0,0,85
330,28,9,0,0,60
331,44,14,0,0,35
332,37,10,0,0,84
333,35,13,0,0,50
334,42,5,0,0,40
335,18,6,0,0,10
336,46,14,0,1977,60
337,54,9,0,0,40
338,54,9,0,1672,50
339,56,10,0,0,45
340,27,10,0,0,50
341,26,13,0,0,40
342,41,10,0,0,40
343,41,9,0,0,40
344,32,10,0,0,40
345,18,9,0,0,30
346,36,9,0,0,65
347,37,6,0,0,40
348,31,3,0,0,25
349,46,13,0,0,51
350,24,9,0,0,40
351,25,13,0,0,35
352,55,3,0,0,50
353,64,9,0,0,40
354,30,13,0,0,40
355,65,14,0,0,99
356,46,13,0,0,40
357,45,14,15024,0,60
358,18,10,0,0,25
359,32,13,0,0,40
360,38,13,7688,0,50
361,34,16,0,0,45
362,35,9,3137,0,40
363,26,9,3325,0,40
364,24,10,0,0,35
365,45,9,15024,0,80
366,36,6,0,0,34
367,44,4,0,0,40
368,23,10,0,0,60
369,57,9,0,0,55
370,41,10,0,0,60
371,20,9,0,0,30
372,32,10,0,0,36
373,60,9,99999,0,40
374,38,13,0,0,20
375,29,9,0,0,45
376,22,9,0,0,40
377,21,10,0,0,30
378,40,9,3137,0,40
379,59,10,0,1848,45
380,45,14,0,0,45
381,76,9,0,0,13
382,45,13,0,0,40
383,49,14,0,0,70
384,36,11,0,0,60
385,22,7,0,0,35
386,47,11,0,0,44
387,26,9,0,0,55
388,21,10,0,0,40
389,27,9,0,0,15
390,26,13,0,0,40
391,20,11,0,0,25
392,31,14,0,0,45
393,57,14,0,0,40
394,39,7,0,0,40
395,36,12,14344,0,40
396,66,10,0,0,45
397,34,10,0,0,40
398,80,9,0,0,25
399,21,9,0,0,40
400,40,13,0,1902,32
401,49,12,0,0,30
402,48,10,3325,0,60
403,19,10,594,0,24
404,42,7,0,0,40
405,59,9,0,0,45
406,63,10,0,0,40
407,26,9,0,0,40
408,41,5,0,0,35
409,42,10,0,1628,40
410,19,9,0,0,20
411,45,7,0,0,25
412,47,9,0,0,30
413,47,9,0,0,40
414,34,11,0,0,40
415,49,13,15024,0,40
416,36,9,0,0,40
417,53,9,0,0,40
418,21,10,0,2001,45
419,39,9,0,0,40
420,52,11,0,0,40
421,18,10,2176,0,35
422,59,11,0,0,40
423,50,9,0,0,50
424,31,13,0,0,40
425,52,10,0,0,40
426,41,10,0,0,40
427,45,12,0,0,40
428,54,14,0,0,40
429,22,9,0,0,25
430,50,9,7298,0,40
431,20,12,0,0,32
432,43,9,0,0,40
433,48,13,0,0,40
434,24,13,2174,0,45
435,54,10,15024,0,40
436,26,9,0,0,40
437,53,13,0,0,40
438,51,16,15024,0,40
439,54,14,0,1887,44
440,32,9,0,0,49
441,46,9,0,0,40
442,60,13,0,0,12
443,52,9,0,0,45
444,44,9,0,0,40
445,56,10,0,1672,40
446,57,9,0,0,40
447,35,9,0,0,40
448,30,12,0,0,40
449,29,10,0,0,35
450,49,13,7688,0,66
451,28,6,0,0,40
452,30,10,0,0,40
453,45,9,0,1980,40
454,17,6,0,0,12
455,54,6,0,0,40
456,31,10,0,0,40
457,54,16,0,1977,50
458,55,13,0,0,40
459,26,12,0,0,40
460,37,5,0,0,50
461,34,9,0,0,48
462,38,13,0,0,40
463,51,10,0,0,45
464,41,9,0,0,60
465,24,10,0,0,40
466,56,13,15024,0,50
467,33,9,0,0,40
468,31,6,0,0,40
469,27,10,0,0,50
470,32,13,0,0,45
471,35,12,0,0,40
472,43,10,0,0,45
473,40,9,0,0,36
474,19,9,0,0,53
475,23,12,0,0,32
476,40,9,0,0,40
477,59,9,0,0,38
478,43,9,0,0,40
479,43,6,0,0,60
480,53,9,0,0,40
481,26,9,0,0,40
482,68,10,10605,0,20
483,41,13,0,0,48
484,32,9,0,0,40
485,25,13,0,0,40
486,20,9,0,0,40
487,22,10,0,0,15
488,33,6,0,0,40
489,26,10,0,0,40
490,29,9,0,0,25
491,20,9,0,0,23
492,68,14,0,2377,42
493,58,10,0,0,40
494,32,9,0,0,40
495,23,12,0,0,25
496,30,5,0,0,40
497,67,10,0,0,8
498,26,12,0,0,32
499,53,9,0,0,35
500,27,9,0,0,60
501,29,10,0,0,65
502,38,16,0,0,40
503,17,5,0,0,40
504,48,14,0,0,40
505,52,10,0,0,40
506,28,12,0,0,40
507,18,10,0,0,15
508,28,10,0,0,30
509,34,10,0,0,40
510,62,9,0,0,40
511,46,3,0,0,40
512,30,10,0,0,40
513,20,10,0,0,40
514,29,9,2174,0,50
515,55,10,0,0,25
516,20,10,0,0,24
517,54,6,0,0,40
518,27,6,0,0,30
519,43,10,0,0,55
520,17,6,0,0,40
521,48,14,0,0,72
522,34,13,0,0,40
523,66,5,0,0,40
524,29,13,0,0,40
525,43,10,0,0,40
526,37,11,0,0,40
527,56,10,0,0,40
528,58,6,0,0,40
529,54,13,0,0,40
530,45,10,0,0,41
531,29,9,0,0,40
532,26,12,0,0,40
533,43,9,0,0,40
534,33,9,0,0,40
535,45,10,3103,0,42
536,25,10,0,0,30
537,25,9,0,0,40
538,69,15,0,0,5
539,37,12,0,0,40
540,20,9,0,0,25
541,39,14,0,1977,24
542,17,6,0,0,20
543,27,9,0,0,40
544,26,9,0,0,40
545,55,3,0,0,40
546,39,7,0,0,60
547,41,9,0,0,40
548,34,2,0,0,40
549,51,11,0,0,50
550,67,16,0,0,12
551,40,10,0,0,40
552,58,12,0,1740,40
553,23,9,0,0,40
554,45,14,0,0,50
555,51,13,7688,0,50
556,43,10,0,0,40
557,25,13,2597,0,50
558,36,13,2407,0,40
559,58,9,0,0,50
560,33,9,0,0,40
561,60,11,0,0,40
562,24,9,0,0,40
563,45,9,0,0,46
564,49,9,0,0,40
565,19,8,0,0,40
566,34,10,0,0,38
567,42,13,0,0,40
568,25,9,0,0,50
569,73,9,0,0,15
570,59,3,2580,0,15
571,28,9,2885,0,40
572,19,7,0,0,30
573,31,13,0,0,40
574,58,13,0,0,48
575,21,9,0,0,13
576,47,9,0,0,50
577,30,13,0,0,40
578,41,4,0,0,40
579,59,6,0,0,40
580,43,10,4934,0,51
581,48,9,0,2001,40
582,44,13,0,0,50
583,44,10,0,0,40
584,24,13,0,0,40
585,28,9,0,0,43
586,50,9,0,0,10
587,33,10,0,0,40
588,23,13,0,0,50
589,30,9,0,0,40
590,46,6,0,0,40
591,21,10,0,0,10
592,52,5,0,0,30
593,26,13,0,0,50
594,27,13,0,0,12
595,28,7,0,0,40
596,50,13,0,0,60
597,28,9,0,0,35
598,61,7,0,0,20
599,32,4,0,0,35
600,30,10,0,0,40
601,51,13,0,0,40
602,40,10,0,2444,40
603,36,9,0,2258,70
604,28,10,0,0,24
605,49,12,0,0,45
606,61,4,0,0,30
607,41,13,0,0,60
608,55,9,0,0,30
609,36,13,0,0,40
610,21,10,0,0,40
611,57,10,0,0,45
612,49,15,99999,0,37
613,59,7,0,0,40
614,41,10,0,0,80
615,59,10,0,0,40
616,20,9,0,0,25
617,42,10,0,0,40
618,41,14,0,0,60
619,45,13,0,0,50
620,36,9,0,0,40
621,42,12,0,0,45
622,25,13,0,0,40
623,45,9,0,1887,40
624,58,9,15024,0,40
625,39,9,0,0,40
626,34,9,0,0,40
627,22,10,0,0,40
628,44,9,0,0,50
629,53,10,0,0,40
630,22,12,0,2824,40
631,27,5,0,0,40
632,60,9,0,0,25
633,46,13,3103,0,40
634,56,15,99999,0,40
635,36,13,27828,0,40
636,56,9,0,0,32
637,35,10,0,0,40
638,29,13,0,1740,70
639,19,6,0,0,39
640,38,9,0,0,40
641,40,10,0,0,40
642,52,12,0,0,55
643,22,10,0,0,40
644,32,9,0,0,25
645,27,13,0,0,40
646,25,13,0,0,40
647,36,14,0,0,40
648,22,8,0,0,40
649,32,9,0,0,45
650,37,13,0,0,40
651,22,9,0,0,54
652,29,9,0,0,40
653,42,1,0,0,25
654,45,11,0,0,38
655,33,13,0,0,45
656,39,10,0,0,40
657,27,8,0,0,45
658,53,13,0,0,50
659,30,13,0,0,40
660,52,10,0,0,35
661,43,13,15024,0,60
662,47,14,0,0,35
663,61,9,0,0,40
664,39,14,0,0,40
665,47,10,0,0,50
666,19,9,0,0,25
667,37,10,3464,0,40
668,31,9,0,0,51
669,69,11,0,0,8
670,22,10,0,0,25
671,29,9,0,0,40
672,24,10,0,0,14
673,42,9,0,0,40
674,30,13,0,0,72
675,28,14,0,0,80
676,27,11,0,0,40
677,53,9,0,0,40
678,35,9,0,1651,40
679,22,8,0,0,40
680,25,9,0,0,40
681,38,13,0,1887,40
682,27,13,0,0,35
683,30,5,0,0,37
684,27,13,0,0,50
685,25,13,0,0,40
686,36,9,0,0,4
687,32,9,0,0,40
688,70,6,0,0,45
689,50,9,0,0,40
690,40,10,0,0,35
691,34,7,0,0,55
692,57,9,0,0,50
693,39,14,0,0,32
694,49,10,0,0,40
695,43,10,5178,0,40
696,26,9,0,0,45
697,31,10,0,0,40
698,60,10,0,0,50
699,46,14,15024,0,50
700,26,10,7298,0,55
701,27,15,0,0,40
702,31,10,0,0,40
703,59,9,0,0,50
704,19,10,0,0,20
705,18,10,0,0,24
706,22,10,0,0,45
707,24,12,0,0,20
708,53,6,0,0,40
709,43,9,0,0,42
710,24,10,0,0,50
711,60,6,0,0,40
712,24,9,0,0,40
713,52,9,0,0,40
714,32,11,0,0,99
715,34,6,0,0,35
716,35,12,0,0,40
717,38,5,0,0,40
718,34,9,4508,0,90
719,53,15,0,0,50
720,23,9,0,0,40
721,40,10,0,0,40
722,40,9,0,0,40
723,50,9,0,0,60
724,17,6,0,0,20
725,53,13,0,1876,54
726,32,13,0,0,50
727,43,9,0,0,40
728,18,7,0,0,16
729,62,6,0,0,40
730,45,14,0,0,40
731,46,16,0,0,70
732,73,4,0,0,40
733,64,16,0,0,60
734,26,13,0,0,45
735,23,9,0,0,48
736,30,9,0,0,40
737,51,10,0,0,40
738,35,13,0,0,55
739,39,10,13550,0,45
740,35,14,0,0,40
741,41,9,0,0,40
742,31,10,4650,0,40
743,40,13,0,0,50
744,46,15,0,0,40
745,31,9,0,0,30
746,41,10,0,0,40
747,42,13,3137,0,40
748,23,9,0,0,40
749,21,10,0,0,35
750,49,10,0,0,45
751,53,11,0,0,40
752,38,13,4787,0,43
753,36,12,0,0,40
754,32,10,0,0,72
755,20,7,0,0,40
756,17,7,0,0,10
757,22,10,0,0,32
758,25,11,0,0,40
759,58,9,0,1902,40
760,24,10,0,0,20
761,48,9,8614,0,40
762,20,2,0,0,30
763,60,10,0,0,40
764,20,9,0,0,30
765,52,10,0,0,45
766,36,9,0,0,40
767,46,13,0,0,40
768,22,7,0,0,25
769,19,10,0,0,35
770,37,9,0,0,40
771,30,11,0,0,40
772,44,12,0,0,25
773,63,9,0,0,25
774,22,9,0,0,45
775,31,13,3908,0,50
776,17,7,0,0,40
777,21,9,0,0,40
778,67,14,0,0,40
779,46,4,0,0,40
780,29,9,0,0,50
781,20,10,0,0,6
782,27,10,0,0,24
783,35,10,0,0,40
784,19,10,0,0,30
785,36,8,0,0,40
786,43,13,15024,0,50
787,62,13,0,0,40
788,28,15,0,2339,40
789,18,7,0,0,15
790,59,15,15024,0,50
791,37,13,0,0,40
792,27,10,0,0,40
793,46,14,0,0,43
794,29,7,0,2754,42
795,33,13,0,0,40
796,62,9,0,0,40
797,46,16,0,2415,55
798,28,6,0,0,40
799,22,10,0,0,35
800,46,14,0,1887,40
801,54,10,0,1977,40
802,34,9,0,0,72
803,67,16,0,0,20
804,62,13,0,0,20
805,30,10,0,0,40
806,19,9,0,0,20
807,49,4,0,0,99
808,27,11,0,0,45
809,36,10,0,0,50
810,52,13,0,0,40
811,47,8,0,0,55
812,57,9,0,0,40
813,64,10,0,0,40
814,56,9,0,0,40
815,53,7,0,0,47
816,53,13,0,0,44
817,31,10,0,0,40
818,41,13,7688,0,45
819,45,9,0,0,40
820,63,13,0,2179,45
821,45,9,0,0,40
822,23,10,0,0,28
823,39,14,0,0,72
824,31,11,0,0,40
825,35,13,0,0,45
826,54,14,7688,0,60
827,22,10,0,0,40
828,40,13,5455,0,40
829,55,13,0,0,40
830,31,9,0,0,40
831,58,7,0,0,60
832,31,16,0,1977,99
833,46,9,0,0,40
834,38,11,0,0,40
835,22,10,594,0,25
836,17,6,0,0,30
837,48,9,0,0,60
838,73,13,0,0,15
839,25,13,0,0,45
840,53,10,0,0,40
841,46,10,7298,0,45
842,45,13,99999,0,25
843,37,13,0,0,40
844,30,9,0,0,50
845,29,9,0,0,40
846,29,10,0,0,40
847,75,13,0,0,6
848,58,14,0,0,40
849,42,4,0,0,50
850,62,5,0,0,24
851,45,13,7298,0,40
852,38,13,0,0,40
853,36,13,0,0,50
854,70,9,2009,0,40
855,42,4,0,0,30
856,47,14,15024,0,35
857,42,10,0,0,40
858,43,10,0,0,38
859,37,11,0,0,40
860,36,10,7298,0,39
861,27,13,0,0,40
862,54,3,0,0,40
863,48,9,0,1902,40
864,29,9,0,0,30
865,29,9,0,0,38
866,37,10,0,0,47
867,55,10,0,0,40
868,67,9,0,0,20
869,51,9,0,0,30
870,35,14,0,0,32
871,41,4,0,0,40
872,64,9,0,0,40
873,23,3,0,0,55
874,49,13,0,0,35
875,38,13,0,0,70
876,62,9,0,0,40
877,62,4,0,0,10
878,70,9,0,0,14
879,45,14,0,0,40
880,20,12,0,0,40
881,38,9,0,0,48
882,50,13,0,0,40
883,40,10,0,0,55
884,30,9,0,0,70
885,52,10,0,0,40
886,28,13,0,0,50
887,62,9,0,0,30
888,31,9,0,0,40
889,40,9,0,0,40
890,34,9,0,1590,40
891,53,10,0,0,40
892,42,8,0,0,40
893,26,10,0,0,25
894,51,9,0,0,40
895,49,14,0,0,50
896,43,9,0,0,40
897,42,10,0,0,40
898,31,7,0,0,40
899,26,9,0,0,40
900,50,13,0,0,40
901,35,9,0,0,40
902,37,10,0,0,40
903,53,9,0,1504,35
904,20,10,0,0,16
905,31,15,0,0,40
906,28,9,0,0,35
907,46,9,0,0,40
908,21,10,0,0,8
909,41,14,7298,0,70
910,30,13,0,0,70
911,66,13,0,0,70
912,37,10,0,0,60
913,74,4,0,0,20
914,46,10,0,0,70
915,51,14,0,1977,50
916,33,13,15024,0,50
917,30,3,3464,0,40
918,47,13,0,0,50
919,49,13,0,0,40
920,53,9,0,0,48
921,24,11,0,0,40
922,54,9,0,0,50
923,32,10,0,0,40
924,45,10,0,0,45
925,46,9,3325,0,45
926,37,10,0,0,65
927,48,14,0,0,61
928,25,13,0,0,40
929,28,9,3103,0,20
930,44,8,0,0,36
931,58,10,0,0,30
932,27,10,0,0,40
933,69,9,0,0,8
934,38,13,0,0,52
935,47,8,0,0,40
936,30,10,0,0,60
937,46,9,3674,0,30
938,27,15,0,0,45
939,19,10,0,0,35
940,18,9,3103,0,40
941,24,7,0,0,50
942,32,13,0,0,40
943,38,9,0,0,40
944,19,1,0,0,36
945,28,10,0,0,40
946,39,14,0,0,55
947,38,10,0,0,60
948,42,9,0,0,40
949,31,10,0,0,40
950,46,5,0,0,40
951,53,10,0,0,54
952,21,12,0,0,15
953,48,9,0,0,50
954,46,9,3103,0,52
955,30,9,0,0,45
956,24,9,0,0,40
957,32,6,0,0,50
958,30,9,0,0,40
959,57,16,0,0,50
960,56,4,0,0,40
961,27,9,0,0,37
962,38,13,0,0,40
963,19,9,0,0,40
964,61,10,0,0,50
965,49,11,0,0,40
966,28,9,0,0,38
967,50,14,0,0,55
968,43,13,0,0,84
969,34,9,0,0,48
970,28,7,0,0,40
971,31,10,0,0,40
972,55,9,0,0,44
973,26,13,0,0,45
974,51,16,0,0,40
975,35,9,0,0,40
976,42,12,0,0,31
977,63,16,0,0,12
978,31,14,0,0,30
979,22,9,0,0,20
980,67,9,0,0,60
981,50,5,0,0,50
982,63,9,0,0,24
983,31,9,0,0,40
984,17,7,0,0,40
985,41,9,0,0,40
986,53,4,0,0,38
987,44,10,0,0,99
988,24,13,0,0,40
989,35,11,0,0,35
990,61,10,0,0,40
991,31,12,0,0,40
992,44,13,5178,0,40
993,56,9,0,0,36
994,66,12,0,0,40
995,45,10,0,0,40
996,69,13,20051,0,45
997,64,9,0,0,40
998,38,9,0,0,36
999,43,10,0,0,40
1000,37,9,0,0,49
1001,19,9,0,0,16
1002,59,9,0,0,40
1003,50,10,0,0,40
1004,33,13,0,0,50
1005,56,10,0,0,45
1006,28,11,0,0,40
1007,27,9,0,0,34
1008,42,14,0,0,40
1009,34,9,0,0,40
1010,19,7,0,0,30
1011,68,9,0,0,40
1012,28,14,0,0,38
1013,81,10,0,0,4
1014,22,9,0,0,40
1015,58,12,0,0,40
1016,31,10,0,0,25
1017,17,7,0,0,30
1018,25,10,10520,0,50
1019,23,10,0,0,23
1020,25,8,0,0,40
1021,47,9,0,0,40
1022,39,13,0,0,60
1023,44,9,0,0,40
1024,46,11,0,0,40
1025,38,10,0,0,35
1026,23,9,0,0,30
1027,34,13,0,0,35
1028,33,9,0,0,40
1029,38,9,0,0,20
1030,52,11,0,0,40
1031,50,9,0,0,33
1032,38,13,0,2444,45
1033,35,13,0,0,40
1034,67,16,10605,0,35
1035,60,9,7688,0,40
1036,44,9,0,0,15
1037,38,9,0,0,50
1038,29,9,0,0,40
1039,65,14,5556,0,50
1040,33,12,0,0,40
1041,29,9,0,0,40
1042,18,7,0,0,30
1043,43,15,0,0,40
1044,42,11,0,0,40
1045,42,9,0,0,40
1046,32,9,0,0,30
1047,36,12,0,0,40
1048,41,13,0,0,40
1049,30,10,0,0,40
1050,21,9,0,0,35
1051,33,10,0,0,40
1052,19,10,0,0,15
1053,19,9,0,0,25
1054,35,9,0,0,40
1055,43,9,0,0,35
1056,45,9,0,0,24
1057,25,13,0,0,50
1058,39,13,0,0,40
1059,26,9,0,0,40
1060,60,14,0,0,10
1061,52,16,0,0,40
1062,22,8,0,0,30
1063,23,10,0,0,40
1064,46,9,0,0,40
1065,34,13,0,0,30
1066,39,13,0,0,50
1067,38,9,0,0,40
1068,56,14,0,0,25
1069,55,9,0,0,40
1070,40,10,7688,0,40
1071,23,10,0,0,40
1072,39,13,0,0,40
1073,24,13,0,0,30
1074,51,9,0,0,40
1075,47,13,0,0,50
1076,25,9,0,0,50
1077,34,15,0,0,55
1078,18,7,0,1602,20
1079,19,10,0,0,28
1080,32,10,0,0,40
1081,49,9,0,0,40
1082,40,4,0,0,8
1083,43,9,0,0,55
1084,71,14,99999,0,40
1085,59,9,0,0,40
1086,32,13,0,0,40
1087,25,13,0,0,40
1088,32,9,0,0,40
1089,17,7,0,0,15
1090,57,15,0,0,35
1091,17,8,0,0,15
1092,27,13,0,0,40
1093,41,9,0,0,40
1094,62,16,0,0,40
1095,19,7,0,0,25
1096,41,3,0,0,40
1097,39,13,0,0,50
1098,30,9,0,0,40
1099,37,13,0,0,40
1100,18,7,0,0,15
1101,40,13,0,0,45
1102,38,10,0,1485,60
1103,24,9,0,0,40
1104,33,9,0,0,50
1105,48,13,0,0,40
1106,51,13,0,0,40
1107,48,9,0,0,40
1108,43,4,0,0,45
1109,34,15,0,0,50
1110,41,11,0,0,30
1111,51,15,27828,0,60
1112,25,9,0,0,40
1113,20,9,0,0,50
1114,61,9,2829,0,45
1115,35,10,0,0,70
1116,42,14,0,0,40
1117,26,9,0,0,16
1118,46,9,0,0,50
1119,39,13,0,0,40
1120,18,6,0,0,40
1121,29,10,0,0,80
1122,39,10,0,0,40
1123,47,9,0,0,40
1124,40,10,0,0,50
1125,43,9,0,0,40
1126,32,9,0,0,40
1127,31,6,0,0,40
1128,19,10,0,0,35
1129,44,12,0,0,40
1130,46,13,0,0,40
1131,53,14,0,0,50
1132,43,13,0,0,40
1133,41,13,0,0,40
1134,35,9,0,0,40
1135,48,13,0,0,45
1136,28,14,0,0,40
1137,44,13,0,0,32
1138,20,10,0,0,40
1139,51,15,0,0,40
1140,28,9,0,0,50
1141,36,13,0,0,60
1142,28,9,0,0,35
1143,21,10,0,0,40
1144,34,13,0,0,30
1145,36,10,0,0,40
1146,25,12,0,0,80
1147,31,9,0,0,43
1148,44,9,0,0,60
1149,49,7,0,0,40
1150,40,9,0,0,40
1151,64,16,0,0,40
1152,54,14,7688,0,40
1153,27,10,0,0,55
1154,18,10,0,0,20
1155,68,5,0,0,44
1156,64,16,0,0,80
1157,36,9,0,0,40
1158,21,9,0,0,24
1159,22,10,0,0,30
1160,61,13,0,0,40
1161,24,10,0,0,10
1162,49,13,0,0,50
1163,25,10,0,0,30
1164,66,9,0,0,40
1165,29,10,0,0,45
1166,22,9,0,0,40
1167,57,10,0,0,40
1168,41,13,0,1741,40
1169,29,9,0,0,40
1170,20,10,0,0,35
1171,47,15,0,0,45
1172,22,9,0,0,55
1173,59,11,0,0,50
1174,42,14,0,0,40
1175,64,10,0,0,35
1176,29,9,0,0,40
1177,25,10,0,0,20
1178,62,10,0,0,40
1179,44,14,10520,0,45
1180,21,9,0,0,40
1181,60,10,7298,0,40
1182,46,6,0,0,40
1183,44,13,0,2258,40
1184,21,9,0,0,19
1185,18,7,0,0,18
1186,39,13,5013,0,32
1187,33,14,0,0,45
1188,63,2,0,0,40
1189,52,9,0,0,52
1190,17,5,0,0,22
1191,45,15,0,1485,50
1192,31,9,0,0,40
1193,35,10,0,0,40
1194,31,9,0,0,40
1195,51,10,0,0,40
1196,48,9,0,0,60
1197,28,9,0,0,40
1198,42,9,0,0,40
1199,38,10,0,0,40
1200,43,13,0,0,40
1201,30,9,0,0,40
1202,24,8,0,0,55
1203,46,13,0,0,60
1204,50,6,0,0,60
1205,22,9,0,0,35
1206,18,9,0,0,15
1207,53,13,0,0,45
1208,40,13,0,0,44
1209,36,16,0,0,35
1210,32,13,0,0,43
1211,39,9,0,0,12
1212,46,9,0,0,40
1213,26,13,0,0,42
1214,19,10,0,0,15
1215,24,9,0,0,40
1216,28,14,0,0,40
1217,25,14,0,0,40
1218,44,10,0,0,40
1219,38,9,0,0,40
1220,42,14,0,0,45
1221,28,9,0,0,40
1222,36,13,0,0,50
1223,47,13,0,0,60
1224,46,9,3411,0,35
1225,21,10,0,0,40
1226,19,9,0,0,25
1227,35,13,0,0,45
1228,26,9,0,0,40
1229,21,10,0,0,30
1230,67,4,0,0,40
1231,54,9,0,0,40
1232,26,14,0,0,25
1233,51,13,0,0,50
1234,27,10,0,0,45
1235,27,9,0,0,40
1236,39,10,0,0,40
1237,32,13,0,0,48
1238,52,9,0,0,40
1239,21,10,0,0,40
1240,27,9,0,0,38
1241,46,4,0,0,45
1242,42,11,0,0,30
1243,79,13,0,0,20
1244,50,13,0,0,40
1245,19,9,0,0,20
1246,43,10,2174,0,40
1247,51,14,0,0,60
1248,45,10,7298,0,50
1249,65,9,991,0,20
1250,66,13,0,0,5
1251,36,11,0,0,99
1252,26,12,0,0,36
1253,28,10,0,0,50
1254,39,15,0,0,45
1255,43,10,0,0,60
1256,20,9,0,0,40
1257,29,10,0,0,40
1258,32,13,0,1848,50
1259,44,13,3325,0,40
1260,18,10,0,0,40
1261,60,10,0,0,40
1262,34,9,0,0,40
1263,60,9,0,0,40
1264,38,7,0,0,40
1265,29,11,0,0,40
1266,41,10,0,1408,40
1267,49,13,0,0,40
1268,37,3,0,0,40
1269,37,16,0,2559,60
1270,43,10,0,0,38
1271,41,14,4650,0,55
1272,37,9,0,0,40
1273,19,5,0,0,60
1274,29,10,0,0,35
1275,40,9,0,0,15
1276,53,4,0,0,40
1277,27,13,0,0,55
1278,44,9,7298,0,50
1279,29,12,0,0,38
1280,25,3,0,0,40
1281,38,9,0,0,55
1282,48,13,0,0,50
1283,18,10,0,0,12
1284,50,9,0,1408,50
1285,37,9,0,0,40
1286,48,13,0,0,20
1287,50,10,0,0,32
1288,74,9,6767,0,6
1289,24,10,0,0,30
1290,34,10,0,0,40
1291,19,10,0,0,40
1292,39,9,0,0,40
1293,40,10,0,0,40
1294,30,9,0,0,40
1295,27,9,0,0,40
1296,23,5,0,0,35
1297,68,4,0,1668,40
1298,46,10,0,0,40
1299,24,13,0,0,50
1300,18,8,0,0,20
1301,50,16,0,0,60
1302,42,7,0,0,40
1303,42,5,0,0,40
1304,37,11,3471,0,40
1305,57,10,0,0,16
1306,27,13,0,0,40
1307,31,6,0,0,40
1308,34,14,0,0,40
1309,55,9,0,0,40
1310,56,7,0,0,40
1311,36,13,0,1672,38
1312,35,10,0,0,40
1313,63,14,0,0,3
1314,28,14,0,0,50
1315,38,13,0,0,40
1316,30,9,0,0,60
1317,18,10,0,0,20
1318,35,11,0,0,40
1319,53,9,0,0,40
1320,46,15,0,0,40
1321,45,10,0,0,40
1322,35,6,0,0,60
1323,41,9,0,0,40
1324,60,9,0,0,70
1325,18,10,0,1602,15
1326,19,9,0,0,40
1327,24,9,0,1579,50
1328,56,13,15024,0,40
1329,28,9,0,0,70
1330,29,9,0,0,32
1331,35,10,0,0,40
1332,27,10,0,0,40
1333,55,16,0,1977,55
1334,18,9,0,0,35
1335,53,9,0,0,40
1336,26,14,0,0,20
1337,55,10,0,0,40
1338,45,10,0,0,40
1339,28,9,0,0,40
1340,32,13,0,0,40
1341,27,9,0,0,40
1342,35,9,0,0,40
1343,36,9,0,0,37
1344,41,13,15024,0,45
1345,23,13,0,0,20
1346,22,8,0,0,40
1347,36,15,25236,0,40
1348,65,13,0,0,40
1349,59,9,0,0,41
1350,25,9,0,0,40
1351,33,10,0,1887,40
1352,31,10,0,0,40
1353,50,13,0,0,40
1354,49,10,0,0,50
1355,43,13,0,0,40
1356,23,10,0,0,40
1357,34,14,3103,0,40
1358,23,10,0,0,40
1359,63,6,0,0,40
1360,33,9,0,0,40
1361,51,13,0,0,50
1362,31,9,0,0,45
1363,32,10,2597,0,40
1364,48,10,0,0,40
1365,31,10,0,0,36
1366,47,11,0,0,40
1367,54,10,0,0,40
1368,23,10,0,0,40
1369,34,9,0,0,40
1370,46,7,0,0,35
1371,34,12,0,0,50
1372,31,9,0,0,50
1373,41,9,0,0,40
1374,41,9,0,0,40
1375,27,11,0,0,30
1376,30,7,0,0,40
1377,23,10,0,0,40
1378,24,12,0,0,20
1379,59,12,0,0,40
1380,56,9,5013,0,40
1381,35,9,0,0,40
1382,59,9,0,0,45
1383,47,11,0,0,40
1384,51,9,0,0,44
1385,42,13,0,0,45
1386,29,10,0,0,40
1387,23,9,0,0,45
1388,43,9,0,0,60
1389,46,10,0,0,40
1390,30,10,0,0,40
1391,23,10,0,0,20
1392,29,14,0,0,35
1393,33,9,0,0,45
1394,33,9,2105,0,40
1395,46,10,0,0,45
1396,35,10,0,0,40
1397,36,13,0,1887,40
1398,25,9,0,0,37
1399,35,13,0,0,40
1400,30,4,0,0,42
1401,39,10,0,0,84
1402,37,10,0,0,55
1403,22,9,0,0,42
1404,25,9,0,0,60
1405,50,9,0,0,40
1406,64,15,15024,0,45
1407,33,11,0,0,45
1408,59,3,0,0,40
1409,24,9,0,0,40
1410,41,13,0,0,55
1411,38,5,0,0,12
1412,60,13,0,0,60
1413,19,9,0,0,30
1414,23,10,0,0,40
1415,57,14,99999,0,40
1416,36,14,0,1977,40
1417,17,6,0,0,40
1418,24,13,0,0,40
1419,32,9,0,0,50
1420,27,13,0,0,45
1421,43,11,0,0,55
1422,21,10,0,0,40
1423,54,11,0,0,40
1424,22,9,0,0,45
1425,29,9,0,0,50
1426,22,8,0,0,50
1427,37,13,0,0,50
1428,38,16,0,0,50
1429,34,10,0,0,40
1430,45,10,0,0,84
1431,28,2,0,0,40
1432,68,16,0,0,40
1433,36,9,0,0,40
1434,20,5,0,0,30
1435,24,10,0,0,45
1436,38,10,0,0,40
1437,32,13,0,0,40
1438,34,10,7298,0,50
1439,47,9,2174,0,40
1440,28,13,0,0,50
1441,32,15,0,0,40
1442,58,9,0,0,40
1443,64,15,99999,0,35
1444,38,10,0,0,50
1445,43,9,0,0,40
1446,28,8,0,0,40
1447,21,10,0,0,40
1448,23,13,0,0,20
1449,25,5,2907,0,40
1450,41,9,2354,0,40
1451,24,9,0,0,36
1452,41,10,0,0,40
1453,27,13,0,0,40
1454,54,4,0,0,30
1455,28,9,0,0,25
1456,29,4,0,2042,40
1457,36,9,0,0,30
1458,41,13,0,1977,60
1459,60,10,0,0,40
1460,34,14,0,0,38
1461,32,9,0,0,40
1462,27,10,0,0,42
1463,60,6,0,0,40
1464,39,11,0,0,40
1465,59,8,0,0,35
1466,34,16,0,0,32
1467,36,11,0,0,40
1468,54,10,0,0,40
1469,48,11,0,0,40
1470,19,4,0,0,33
1471,40,15,0,0,40
1472,25,9,0,0,45
1473,39,12,0,0,40
1474,34,10,0,0,40
1475,30,9,0,0,30
1476,43,9,0,0,24
1477,35,13,0,0,40
1478,36,16,0,1887,50
1479,59,9,0,0,65
1480,33,9,0,0,40
1481,22,10,0,0,50
1482,48,9,0,0,45
1483,54,9,0,0,40
1484,49,10,0,0,38
1485,37,13,0,0,40
1486,45,9,0,0,40
1487,51,10,0,0,40
1488,46,10,0,0,40
1489,31,13,0,0,40
1490,29,6,0,0,38
1491,39,10,0,0,50
1492,35,9,5013,0,40
1493,26,13,0,0,40
1494,51,10,7298,0,40
1495,31,14,0,0,6
1496,39,9,0,0,40
1497,26,7,0,0,30
1498,25,13,0,0,35
1499,61,10,0,1887,40
1500,49,9,0,0,40
1501,53,13,0,0,45
1502,52,1,0,0,40
1503,52,9,0,0,55
1504,74,13,0,0,35
1505,50,9,0,0,40
1506,29,13,13550,0,35
1507,76,4,0,0,30
1508,19,9,0,0,15
1509,25,9,0,0,40
1510,45,9,0,0,40
1511,34,12,0,0,35
1512,20,10,0,0,16
1513,66,14,0,0,6
1514,63,13,0,0,45
1515,27,10,0,0,40
1516,41,10,2829,0,40
1517,43,9,0,0,60
1518,23,9,0,0,40
1519,37,10,0,0,40
1520,31,13,0,0,40
1521,33,10,0,0,4
1522,28,12,0,0,20
1523,70,9,2993,0,20
1524,35,10,0,0,40
1525,41,12,0,0,75
1526,17,7,0,0,12
1527,41,13,0,0,40
1528,44,11,0,0,45
1529,47,4,0,0,40
1530,24,9,0,0,40
1531,38,11,0,0,40
1532,34,10,0,0,52
1533,62,9,0,0,35
1534,27,9,0,0,38
1535,59,10,0,0,40
1536,35,14,0,0,40
1537,38,9,0,0,32
1538,28,10,0,0,50
1539,28,9,0,0,38
1540,59,5,0,0,40
1541,42,10,0,0,40
1542,54,14,0,0,32
1543,39,9,0,0,45
1544,41,13,0,0,40
1545,43,13,0,0,40
1546,32,13,0,0,50
1547,62,10,0,1617,33
1548,58,9,0,0,40
1549,43,9,0,0,40
1550,67,10,0,2457,40
1551,31,9,0,0,40
1552,51,14,0,0,70
1553,54,13,0,0,36
1554,20,10,0,0,70
1555,35,10,0,0,40
1556,22,9,0,0,36
1557,38,13,6849,0,60
1558,42,9,0,0,40
1559,44,14,0,0,40
1560,28,9,0,0,70
1561,74,10,0,0,35
1562,34,9,0,0,40
1563,50,9,0,0,52
1564,50,11,0,0,40
1565,43,9,0,0,40
1566,29,9,0,0,40
1567,30,9,0,0,25
1568,61,9,0,0,50
1569,21,10,0,0,40
1570,27,13,0,0,30
1571,47,16,0,0,40
1572,39,12,0,1380,40
1573,33,9,0,0,40
1574,22,9,0,0,37
1575,38,10,0,0,40
1576,45,10,0,0,40
1577,42,9,0,0,45
1578,35,10,0,0,45
1579,21,9,0,0,40
1580,49,11,0,0,44
1581,50,13,0,0,40
1582,36,16,0,0,36
1583,20,9,0,0,20
1584,49,9,0,0,40
1585,40,13,0,0,60
1586,22,10,0,0,40
1587,60,9,0,0,40
1588,67,7,0,0,20
1589,21,10,0,0,40
1590,60,9,0,0,50
1591,17,7,0,0,12
1592,43,14,15024,0,32
1593,49,13,0,0,45
1594,41,13,99999,0,60
1595,38,10,0,0,40
1596,38,9,0,0,40
1597,35,12,0,0,99
1598,40,10,0,0,40
1599,23,10,0,0,40
1600,19,10,0,1602,40
1601,40,9,0,0,60
1602,46,9,0,0,40
1603,25,10,0,0,22
1604,36,9,5178,0,40
1605,24,12,0,0,48
1606,62,9,0,0,48
1607,54,1,0,0,40
1608,23,13,0,0,40
1609,60,9,0,0,40
1610,18,9,0,0,8
1611,41,10,0,0,40
1612,45,14,0,0,40
1613,62,11,0,0,40
1614,28,13,0,0,40
1615,36,10,0,0,60
1616,31,9,0,0,40
1617,44,9,0,0,40
1618,33,9,0,0,50
1619,62,15,0,0,16
1620,27,4,0,0,40
1621,42,11,0,0,40
1622,55,5,0,0,37
1623,41,9,0,0,50
1624,26,10,4064,0,50
1625,45,10,0,0,40
1626,67,9,0,0,65
1627,25,11,0,0,45
1628,30,9,0,1887,48
1629,22,13,0,0,40
1630,19,10,0,0,20
1631,26,13,0,0,45
1632,61,9,0,0,50
1633,32,15,13550,0,50
1634,43,9,0,0,40
1635,53,9,0,0,20
1636,53,10,0,0,45
1637,42,8,0,0,10
1638,36,9,0,0,40
1639,55,13,0,0,99
1640,35,13,7298,0,40
1641,17,7,0,0,16
1642,55,15,0,0,35
1643,36,9,0,0,40
1644,40,14,0,0,40
1645,54,6,0,0,10
1646,45,13,0,0,45
1647,48,10,0,0,40
1648,40,15,0,0,60
1649,31,13,0,0,50
1650,26,13,0,0,40
1651,34,10,0,1485,40
1652,19,9,0,0,25
1653,31,12,0,0,40
1654,34,9,0,0,30
1655,55,14,0,0,55
1656,38,10,0,0,40
1657,21,9,0,0,20
1658,27,4,0,0,40
1659,35,9,0,0,40
1660,20,10,0,0,20
1661,24,11,0,0,38
1662,27,14,0,0,40
1663,18,7,0,0,4
1664,28,10,0,0,40
1665,36,9,0,0,40
1666,66,10,0,1258,20
1667,19,10,0,0,15
1668,59,6,0,0,36
1669,33,9,0,0,46
1670,28,4,0,0,40
1671,34,13,0,2001,40
1672,41,10,0,0,55
1673,30,7,0,0,45
1674,59,9,0,0,40
1675,42,13,0,0,60
1676,47,9,14084,0,38
1677,29,6,0,0,40
1678,60,10,0,0,50
1679,53,9,5013,0,35
1680,41,4,0,0,60
1681,32,10,0,0,30
1682,73,9,0,0,22
1683,20,9,0,0,30
1684,49,14,0,0,40
1685,36,13,0,0,40
1686,33,10,0,0,45
1687,25,10,0,0,34
1688,34,9,0,0,10
1689,19,10,0,0,40
1690,40,12,0,0,40
1691,48,9,0,0,44
1692,51,10,0,0,50
1693,22,12,0,0,20
1694,34,10,0,0,50
1695,22,6,0,0,40
1696,34,9,0,2002,40
1697,56,9,0,0,40
1698,49,9,0,1902,40
1699,36,13,0,0,40
1700,18,10,0,0,20
1701,26,9,0,0,50
1702,48,9,0,0,50
1703,35,9,0,0,40
1704,29,9,0,0,40
1705,47,9,0,0,40
1706,21,11,0,0,12
1707,28,10,0,0,50
1708,53,10,0,0,40
1709,65,9,0,0,40
1710,26,10,0,0,40
1711,50,13,0,1902,50
1712,26,9,0,0,50
1713,70,9,0,0,20
1714,55,10,0,0,40
1715,27,13,0,0,35
1716,31,10,0,0,40
1717,43,13,0,1902,55
1718,24,7,0,0,40
1719,22,4,0,0,40
1720,26,9,0,0,40
1721,23,6,0,0,40
1722,41,9,0,0,60
1723,52,14,0,0,40
1724,41,9,0,0,40
1725,59,6,0,0,40
1726,56,10,0,1977,50
1727,58,9,14344,0,48
1728,65,13,0,0,40
1729,24,13,0,0,40
1730,51,12,5178,0,45
1731,31,10,0,0,45
1732,84,9,0,0,16
1733,51,10,0,0,40
1734,24,13,0,0,50
1735,30,9,0,0,45
1736,22,6,0,0,40
1737,30,14,0,0,40
1738,47,10,0,0,40
1739,19,9,0,0,35
1740,43,10,0,0,36
1741,30,13,0,0,50
1742,46,14,0,0,45
1743,49,13,0,0,60
1744,37,3,0,0,40
1745,42,14,0,0,40
1746,57,10,5013,0,50
1747,46,12,0,0,40
1748,23,10,0,0,20
1749,26,13,0,0,58
1750,64,14,0,0,8
1751,20,9,0,0,40
1752,31,9,0,0,40
1753,38,13,0,1977,40
1754,44,10,0,0,40
1755,42,11,2885,0,40
1756,23,13,0,0,40
1757,31,14,0,0,90
1758,35,7,0,0,36
1759,30,10,0,0,35
1760,35,9,0,0,20
1761,40,9,0,0,38
1762,18,7,0,0,20
1763,23,6,0,0,30
1764,63,9,0,0,40
1765,20,9,0,0,40
1766,50,14,0,0,60
1767,49,14,0,0,45
1768,53,6,0,0,40
1769,34,9,0,0,40
1770,54,9,0,0,56
1771,40,10,0,0,40
1772,22,13,0,0,40
1773,28,6,0,0,35
1774,24,9,0,0,40
1775,37,2,0,0,48
1776,62,9,0,0,16
1777,19,10,0,0,40
1778,51,11,0,0,40
1779,65,10,2346,0,40
1780,31,9,0,0,8
1781,42,10,0,0,90
1782,42,9,0,0,35
1783,54,12,0,0,40
1784,23,13,0,0,60
1785,28,9,0,0,46
1786,42,7,0,0,40
1787,30,9,0,0,40
1788,33,9,0,0,40
1789,33,9,0,0,40
1790,39,9,2977,0,40
1791,27,7,0,0,40
1792,20,7,0,0,40
1793,62,3,0,0,40
1794,17,6,0,0,30
1795,58,10,0,0,55
1796,69,14,6514,0,40
1797,34,13,0,0,42
1798,34,13,0,2824,50
1799,20,9,0,0,35
1800,64,10,0,0,40
1801,27,10,0,0,55
1802,41,9,0,0,40
1803,40,4,0,0,40
1804,53,14,0,0,38
1805,44,16,0,0,45
1806,37,3,0,0,40
1807,46,13,0,0,60
1808,17,5,0,0,20
1809,35,9,0,0,40
1810,36,12,0,0,40
1811,49,9,0,0,40
1812,48,15,0,0,25
1813,26,13,0,0,40
1814,26,12,0,0,8
1815,35,9,0,0,40
1816,29,5,0,0,40
1817,54,10,7298,0,50
1818,36,10,0,0,40
1819,25,13,0,0,40
1820,18,6,0,0,25
1821,21,10,0,0,20
1822,22,9,0,0,40
1823,52,9,0,0,45
1824,36,10,0,0,40
1825,25,13,0,1726,60
1826,49,16,99999,0,70
1827,42,10,0,0,50
1828,37,11,0,0,54
1829,39,12,0,0,40
1830,32,13,0,0,40
1831,53,9,0,0,40
1832,30,7,0,0,40
1833,51,10,0,0,40
1834,62,11,0,0,40
1835,38,3,0,0,40
1836,23,13,0,0,40
1837,39,9,0,2051,40
1838,37,10,0,0,40
1839,27,12,0,0,40
1840,41,10,0,0,40
1841,47,13,0,0,40
1842,25,10,0,0,40
1843,35,12,0,0,50
1844,47,9,0,1977,45
1845,30,9,0,0,40
1846,29,11,0,2051,40
1847,36,11,0,0,50
1848,42,13,0,0,60
1849,51,9,0,0,40
1850,34,9,0,0,40
1851,44,9,0,0,60
1852,27,13,0,0,41
1853,39,9,0,0,40
1854,46,9,0,1741,40
1855,32,9,0,1590,62
1856,31,13,0,0,50
1857,23,7,0,0,35
1858,47,14,15024,0,55
1859,66,13,0,0,99
1860,26,9,0,0,40
1861,52,9,0,0,40
1862,53,7,0,0,30
1863,48,13,0,0,40
1864,37,12,0,0,50
1865,17,7,0,0,5
1866,50,11,0,0,40
1867,28,9,0,0,40
1868,17,7,0,1602,40
1869,39,10,0,0,40
1870,28,13,0,0,40
1871,38,12,0,0,40
1872,53,9,0,1902,40
1873,28,13,0,0,40
1874,42,10,15024,0,32
1875,40,5,0,0,45
1876,20,10,0,0,40
1877,32,13,0,0,40
1878,23,13,0,0,40
1879,25,13,2174,0,40
1880,41,9,0,0,40
1881,42,13,7688,0,40
1882,18,8,594,0,14
1883,29,13,0,1848,60
1884,36,9,0,0,50
1885,34,6,0,0,40
1886,34,9,0,0,44
1887,48,15,15024,0,50
1888,36,15,0,0,80
1889,67,9,0,0,40
1890,53,9,7298,0,40
1891,53,13,0,2415,40
1892,45,16,0,0,45
1893,22,6,0,0,35
1894,25,13,0,0,43
1895,61,10,0,0,40
1896,31,10,0,0,40
1897,47,9,0,0,38
1898,31,2,0,0,45
1899,17,5,0,0,32
1900,38,10,0,0,50
1901,23,9,0,0,40
1902,42,10,0,0,40
1903,78,3,0,0,36
1904,54,11,0,0,40
1905,26,13,0,0,50
1906,30,9,0,0,35
1907,46,13,0,0,40
1908,26,13,0,0,45
1909,30,9,0,0,35
1910,66,16,20051,0,35
1911,23,9,2597,0,40
1912,25,10,0,0,40
1913,32,13,0,0,40
1914,25,9,0,0,38
1915,51,7,0,0,40
1916,24,13,0,0,40
1917,22,10,0,0,40
1918,28,9,0,0,40
1919,29,7,0,0,20
1920,26,13,0,0,40
1921,41,13,0,0,40
1922,19,10,0,0,35
1923,39,9,0,0,26
1924,51,15,0,0,50
1925,29,9,0,0,20
1926,27,3,0,0,40
1927,33,13,0,0,40
1928,19,9,0,0,8
1929,67,9,0,0,20
1930,41,13,0,0,45
1931,29,14,0,0,40
1932,28,9,0,0,40
1933,25,10,0,0,40
1934,21,9,0,0,36
1935,24,10,14344,0,50
1936,48,7,0,0,31
1937,46,15,0,0,60
1938,35,10,0,0,50
1939,35,13,0,0,40
1940,50,6,0,0,40
1941,22,9,0,0,40
1942,45,10,0,0,40
1943,62,13,0,0,40
1944,39,14,0,1977,45
1945,33,9,0,0,40
1946,22,10,0,0,30
1947,50,9,0,0,48
1948,25,7,0,0,40
1949,44,10,0,0,40
1950,26,9,0,0,40
1951,31,14,0,0,50
1952,56,9,0,0,15
1953,49,4,0,0,40
1954,49,8,0,0,40
1955,46,9,0,0,43
1956,33,10,0,0,40
1957,25,13,0,0,30
1958,40,12,0,0,40
1959,72,4,0,0,30
1960,32,14,0,0,10
1961,44,13,0,0,55
1962,48,9,0,0,30
1963,17,6,0,0,12
1964,50,11,0,1887,36
1965,61,10,15024,0,34
1966,22,9,0,0,40
1967,17,7,0,0,17
1968,49,15,0,0,60
1969,26,9,0,0,50
1970,19,10,0,0,10
1971,17,8,0,0,16
1972,38,9,0,0,40
1973,34,11,0,0,40
1974,51,9,7298,0,50
1975,48,9,0,0,42
1976,63,14,0,0,50
1977,19,9,0,0,40
1978,73,10,20051,0,36
1979,51,9,0,0,43
1980,38,14,0,1485,40
1981,54,10,0,0,40
1982,41,9,0,1848,40
1983,65,13,0,2377,40
1984,36,13,4386,0,50
1985,42,4,0,0,40
1986,38,10,7688,0,40
1987,20,10,0,0,40
1988,37,13,0,0,50
1989,35,9,0,1485,40
1990,51,10,0,0,40
1991,23,11,0,0,40
1992,27,13,0,0,40
1993,19,10,0,0,16
1994,37,11,0,0,42
1995,29,9,0,0,45
1996,33,2,0,2603,32
1997,60,9,4650,0,40
1998,22,13,0,0,20
1999,22,10,0,1721,20
2000,60,11,0,0,37
2001,35,7,0,0,20
2002,45,11,0,0,40
2003,30,9,0,0,40
2004,43,10,0,0,70
2005,32,14,0,0,38
2006,35,9,0,0,42
2007,32,11,0,0,40
2008,61,11,0,0,40
2009,40,14,1506,0,40
2010,20,6,0,0,30
2011,42,13,0,0,60
2012,21,10,0,0,35
2013,21,10,0,0,20
2014,26,13,0,0,40
2015,36,9,0,0,60
2016,24,13,0,0,40
2017,47,13,0,0,57
2018,51,12,0,0,30
2019,65,9,0,0,40
2020,61,13,0,0,12
2021,67,10,0,0,25
2022,49,9,0,0,25
2023,63,9,0,1485,40
2024,58,11,0,1887,48
2025,61,4,0,0,40
2026,36,9,0,0,35
2027,19,10,0,0,40
2028,29,10,0,0,35
2029,43,13,0,1887,40
2030,60,9,2597,0,55
2031,21,10,0,0,40
2032,22,9,0,0,40
2033,33,13,0,0,65
2034,36,13,0,0,50
2035,37,13,0,0,46
2036,35,12,0,0,40
2037,17,6,0,0,30
2038,37,9,0,0,60
2039,22,9,0,0,45
2040,28,10,0,0,40
2041,42,10,0,0,40
2042,57,9,5178,0,60
2043,26,10,0,0,65
2044,45,7,0,0,50
2045,32,13,0,0,44
2046,63,10,0,0,43
2047,22,10,0,0,20
2048,36,10,0,0,55
2049,45,9,0,0,40
2050,34,15,0,0,55
2051,27,13,0,0,60
2052,20,10,0,0,20
2053,47,9,0,0,56
2054,46,4,0,0,52
2055,28,10,0,0,40
2056,45,9,0,0,40
2057,26,13,0,0,40
2058,32,6,0,0,45
2059,30,8,0,0,40
2060,59,6,0,0,40
2061,58,16,0,0,43
2062,45,10,0,0,30
2063,76,10,0,0,40
2064,38,9,0,0,40
2065,32,14,0,0,40
2066,38,9,0,0,50
2067,30,12,0,0,36
2068,53,11,0,0,40
2069,41,13,0,0,40
2070,27,13,0,0,50
2071,44,12,0,0,30
2072,35,14,0,0,50
2073,36,2,0,0,40
2074,51,10,0,0,10
2075,42,9,0,0,40
2076,40,13,7298,0,50
2077,45,9,0,0,40
2078,55,5,99999,0,37
2079,36,4,0,0,40
2080,57,9,0,0,40
2081,27,9,0,0,45
2082,62,14,4650,0,40
2083,29,13,0,0,55
2084,38,13,0,0,30
2085,29,9,0,0,50
2086,18,10,0,0,30
2087,19,8,0,0,30
2088,32,14,4865,0,40
2089,34,13,0,1741,40
2090,25,12,0,0,55
2091,34,14,0,0,35
2092,37,10,0,0,38
2093,37,9,0,0,45
2094,18,9,0,0,25
2095,24,11,0,0,40
2096,17,8,0,0,30
2097,35,13,0,0,40
2098,31,11,0,0,32
2099,29,12,0,0,60
2100,49,9,0,0,40
2101,71,13,0,0,10
2102,35,9,0,0,40
2103,55,9,0,0,50
2104,37,3,0,0,40
2105,33,10,0,0,18
2106,49,13,0,0,45
2107,32,9,0,0,45
2108,63,7,0,0,40
2109,39,14,0,0,40
2110,42,9,0,0,40
2111,30,14,0,0,50
2112,30,11,0,0,40
2113,48,9,0,0,40
2114,57,13,0,0,10
2115,56,6,0,0,45
2116,28,10,0,0,40
2117,43,13,0,0,24
2118,46,9,0,0,60
2119,60,13,15024,0,45
2120,50,14,0,0,65
2121,37,15,0,0,50
2122,41,9,0,0,40
2123,38,10,0,0,38
2124,23,10,0,0,40
2125,59,10,0,0,50
2126,72,14,2329,0,60
2127,47,10,0,0,33
2128,29,11,0,0,40
2129,35,13,0,0,60
2130,24,10,0,0,15
2131,22,9,0,0,40
2132,24,9,0,0,40
2133,42,13,7298,0,45
2134,55,13,0,0,72
2135,40,14,0,0,20
2136,61,9,0,0,40
2137,58,13,0,0,72
2138,39,9,0,0,40
2139,45,10,0,0,50
2140,25,9,0,0,45
2141,69,16,0,0,50
2142,36,13,0,0,60
2143,34,11,7688,0,40
2144,45,13,0,0,45
2145,27,8,0,0,45
2146,28,10,0,0,40
2147,27,10,0,0,60
2148,41,9,0,0,40
2149,18,9,0,0,30
2150,44,13,0,0,40
2151,47,11,0,0,45
2152,36,9,0,0,40
2153,66,1,0,0,40
2154,33,9,0,0,45
2155,39,9,0,0,40
2156,30,9,0,0,40
2157,34,9,0,0,40
2158,62,14,0,0,32
2159,21,10,0,0,45
2160,50,14,7298,0,50
2161,30,13,3103,0,60
2162,43,9,0,0,40
2163,19,10,0,0,40
2164,26,11,0,0,50
2165,50,4,0,1579,65
2166,45,14,0,0,40
2167,46,14,0,0,50
2168,17,6,0,0,15
2169,56,4,0,0,40
2170,25,10,3103,0,40
2171,47,14,0,0,42
2172,23,9,0,0,45
2173,51,9,0,0,20
2174,19,10,0,0,25
2175,33,9,0,0,40
2176,32,9,0,0,80
2177,52,9,0,0,40
2178,36,10,0,0,40
2179,34,9,0,0,40
2180,26,9,0,0,40
2181,26,8,0,0,98
2182,35,10,0,0,40
2183,58,13,0,0,40
2184,32,7,0,0,50
2185,23,10,0,0,40
2186,28,10,0,0,40
2187,20,6,0,0,35
2188,17,6,0,0,20
2189,56,9,3103,0,45
2190,26,9,0,0,40
2191,43,13,1506,0,36
2192,45,10,0,0,35
2193,34,10,7688,0,50
2194,54,2,0,0,35
2195,51,9,0,0,40
2196,58,10,0,0,60
2197,49,12,2597,0,40
2198,21,11,0,0,40
2199,44,10,0,0,40
2200,26,13,0,0,50
2201,39,13,0,0,40
2202,19,9,0,0,40
2203,37,10,0,0,40
2204,49,9,0,0,32
2205,45,9,0,0,40
2206,60,9,0,0,40
2207,28,13,0,0,40
2208,23,10,0,0,30
2209,44,13,0,0,45
2210,19,10,0,0,12
2211,37,9,0,0,40
2212,41,9,0,0,38
2213,56,13,7688,0,40
2214,44,12,0,0,54
2215,30,13,0,0,36
2216,23,13,0,0,40
2217,44,9,3103,0,40
2218,38,9,7688,0,70
2219,32,10,5178,0,50
2220,57,14,0,0,20
2221,35,15,7688,0,50
2222,48,13,99999,0,50
2223,32,10,0,0,99
2224,76,14,0,0,15
2225,57,9,0,0,30
2226,58,10,0,0,40
2227,51,14,7298,0,50
2228,50,6,0,0,40
2229,38,9,0,0,25
2230,53,9,0,2002,40
2231,59,4,0,0,20
2232,23,9,0,0,40
2233,44,11,8614,0,40
2234,23,13,0,0,40
2235,23,12,0,0,20
2236,44,13,0,0,40
2237,30,9,0,0,40
2238,28,9,0,0,40
2239,46,10,0,0,40
2240,34,1,0,0,25
2241,38,13,27828,0,45
2242,26,10,0,0,37
2243,39,9,0,0,40
2244,28,10,0,0,40
2245,33,14,0,0,19
2246,43,14,0,2547,40
2247,30,13,0,0,40
2248,59,14,0,0,50
2249,26,9,0,0,45
2250,28,10,0,0,24
2251,48,10,0,0,40
2252,49,13,1506,0,35
2253,41,9,0,2179,40
2254,20,10,0,0,30
2255,49,9,0,0,40
2256,37,13,0,0,40
2257,18,8,0,0,8
2258,61,9,0,0,40
2259,26,9,0,0,48
2260,66,13,0,0,12
2261,68,14,3273,0,40
2262,27,9,0,0,40
2263,66,10,0,0,7
2264,28,6,0,0,15
2265,26,13,0,0,40
2266,25,9,0,0,40
2267,46,10,0,0,48
2268,62,13,0,0,40
2269,35,9,0,1974,40
2270,26,9,0,0,60
2271,40,9,0,0,40
2272,31,10,0,0,45
2273,52,9,0,0,40
2274,61,9,0,0,12
2275,39,7,0,0,40
2276,25,9,114,0,40
2277,47,13,0,0,48
2278,33,13,0,0,40
2279,17,7,0,0,25
2280,26,9,0,0,45
2281,25,9,0,0,40
2282,39,9,0,0,16
2283,33,14,7298,0,45
2284,46,10,0,0,40
2285,27,10,0,0,20
2286,48,9,7298,0,40
2287,29,7,0,0,5
2288,40,13,0,0,40
2289,24,13,0,0,40
2290,55,13,0,1579,35
2291,56,9,0,0,40
2292,25,12,0,0,30
2293,36,10,0,0,50
2294,26,9,0,0,45
2295,37,9,0,0,44
2296,36,9,0,0,40
2297,23,7,0,0,50
2298,25,13,0,0,60
2299,36,9,0,0,40
2300,37,10,0,0,70
2301,39,12,5178,0,48
2302,35,11,0,0,40
2303,33,7,0,0,40
2304,31,10,0,0,46
2305,49,10,0,0,22
2306,34,13,0,0,50
2307,40,9,0,0,60
2308,27,10,0,0,40
2309,50,16,0,0,23
2310,38,8,0,0,50
2311,55,13,0,0,40
2312,49,4,0,0,70
2313,40,13,0,0,40
2314,42,11,0,0,30
2315,51,13,0,0,50
2316,27,13,0,0,50
2317,30,9,0,0,40
2318,70,16,0,0,20
2319,40,6,0,0,40
2320,43,13,0,0,35
2321,24,9,0,0,40
2322,22,4,0,0,40
2323,38,13,0,0,60
2324,52,9,0,0,40
2325,32,11,0,0,50
2326,33,11,0,0,40
2327,21,9,0,0,40
2328,27,10,0,0,50
2329,31,9,0,0,50
2330,29,14,0,0,40
2331,49,3,0,2603,40
2332,61,13,0,0,7
2333,46,13,0,0,50
2334,37,7,0,0,40
2335,56,13,0,0,40
2336,37,10,0,0,40
2337,26,9,0,0,40
2338,31,10,0,0,35
2339,36,9,0,0,40
2340,52,6,0,0,45
2341,40,10,0,0,60
2342,21,9,0,0,60
2343,63,6,0,0,40
2344,30,9,0,0,40
2345,30,13,0,0,20
2346,50,13,0,0,60
2347,41,14,0,0,45
2348,39,13,0,0,60
2349,23,9,0,0,48
2350,52,9,0,2377,40
2351,17,7,0,0,20
2352,46,11,0,625,40
2353,26,10,0,0,42
2354,30,10,0,1740,40
2355,23,10,0,0,50
2356,21,10,0,0,12
2357,39,9,0,0,55
2358,37,11,0,0,40
2359,40,14,99999,0,50
2360,38,10,0,0,20
2361,47,13,4064,0,60
2362,20,10,0,0,35
2363,35,9,0,0,40
2364,62,13,14084,0,40
2365,32,7,0,0,15
2366,42,13,0,0,60
2367,32,6,0,0,40
2368,27,10,0,0,30
2369,53,13,0,0,45
2370,28,3,0,0,25
2371,26,9,0,0,40
2372,47,15,0,0,45
2373,23,10,0,0,40
2374,70,10,0,0,30
2375,41,13,0,0,40
2376,43,14,0,0,45
2377,65,9,0,0,25
2378,40,9,0,1672,40
2379,64,9,0,0,45
2380,40,10,0,0,45
2381,43,13,0,0,35
2382,50,9,0,0,48
2383,19,10,0,0,30
2384,32,13,2174,0,60
2385,32,7,0,0,40
2386,42,7,1506,0,50
2387,41,9,0,0,40
2388,30,10,0,0,40
2389,20,10,0,0,30
2390,45,9,0,0,40
2391,42,16,0,1902,50
2392,24,12,0,0,40
2393,43,13,0,0,50
2394,28,9,0,0,40
2395,35,9,0,0,40
2396,36,9,0,0,50
2397,38,9,0,0,40
2398,32,13,0,0,35
2399,50,9,0,0,40
2400,34,9,0,0,55
2401,35,9,0,0,40
2402,30,14,0,0,40
2403,61,3,0,0,40
2404,27,13,0,0,38
2405,61,9,0,0,40
2406,18,3,0,0,40
2407,31,9,0,0,40
2408,31,13,0,0,60
2409,20,9,0,0,40
2410,35,8,0,0,40
2411,51,9,0,0,40
2412,43,10,7688,0,40
2413,18,7,0,0,20
2414,55,15,99999,0,40
2415,59,9,0,0,40
2416,21,9,0,0,40
2417,22,6,0,0,40
2418,60,10,0,0,40
2419,49,9,0,0,40
2420,21,9,0,0,40
2421,61,9,0,0,40
2422,64,3,0,0,40
2423,63,9,0,0,40
2424,27,13,0,0,40
2425,23,13,0,0,30
2426,41,9,0,0,45
2427,18,8,0,0,25
2428,40,9,7298,0,40
2429,55,13,0,0,40
2430,17,6,0,1602,12
2431,34,10,0,1504,60
2432,24,13,0,0,40
2433,30,15,0,0,45
2434,29,14,0,0,60
2435,52,13,0,0,40
2436,57,10,0,0,40
2437,38,13,0,0,45
2438,43,14,0,0,50
2439,61,10,0,0,40
2440,38,13,15024,0,65
2441,51,9,0,0,40
2442,40,13,0,0,40
2443,41,10,0,0,40
2444,19,10,0,0,20
2445,28,4,0,0,40
2446,59,10,0,0,40
2447,32,13,0,0,40
2448,31,9,0,0,40
2449,30,12,0,0,48
2450,54,10,0,0,40
2451,33,11,0,2444,42
2452,20,10,0,0,10
2453,27,10,0,0,40
2454,32,9,0,0,48
2455,35,9,0,0,40
2456,27,7,0,0,45
2457,40,13,0,0,46
2458,34,11,0,0,40
2459,34,12,0,0,40
2460,38,10,0,0,25
2461,28,9,0,0,40
2462,65,10,0,0,27
2463,61,10,0,0,16
2464,18,7,0,0,25
2465,35,13,5178,0,50
2466,45,13,0,0,40
2467,68,9,0,0,20
2468,25,10,0,0,50
2469,48,15,0,0,13
2470,19,10,0,0,40
2471,43,13,0,0,50
2472,54,13,0,0,45
2473,47,13,0,0,50
2474,25,11,4865,0,40
2475,30,12,0,0,40
2476,67,10,0,0,8
2477,35,9,0,0,40
2478,26,10,0,0,18
2479,61,9,0,0,40
2480,54,9,0,0,32
2481,50,8,0,0,40
2482,32,5,0,0,40
2483,34,9,0,0,25
2484,36,9,0,0,40
2485,50,10,0,0,40
2486,28,7,0,0,40
2487,22,9,0,0,19
2488,58,7,0,0,20
2489,27,3,0,0,75
2490,62,13,0,0,38
2491,36,13,27828,0,55
2492,21,10,594,0,4
2493,41,14,0,0,45
2494,28,10,0,0,45
2495,33,13,0,0,40
2496,54,13,0,0,45
2497,19,10,0,1721,25
2498,76,4,0,0,30
2499,25,13,0,0,25
2500,34,13,0,0,50
2501,40,13,0,0,40
2502,22,7,0,0,30
2503,17,7,0,0,15
2504,55,10,0,0,20
2505,51,10,0,0,40
2506,26,3,0,0,40
2507,44,13,0,0,48
2508,65,6,0,0,70
2509,54,9,0,0,40
2510,34,12,0,0,40
2511,42,9,0,0,40
2512,26,9,0,0,70
2513,39,3,0,0,40
2514,46,7,0,0,40
2515,34,13,0,0,40
2516,59,9,0,0,40
2517,20,9,0,0,50
2518,34,10,0,0,45
2519,62,9,5178,0,40
2520,51,9,0,0,20
2521,34,10,0,0,40
2522,47,13,0,0,50
2523,21,10,0,0,20
2524,30,11,0,0,49
2525,38,9,0,0,60
2526,45,13,5178,0,40
2527,23,10,0,0,35
2528,34,10,0,0,48
2529,22,8,0,0,40
2530,31,9,0,0,40
2531,50,9,0,0,40
2532,19,2,0,0,52
2533,28,13,15024,0,45
2534,23,9,0,0,50
2535,35,9,0,0,40
2536,28,9,0,0,40
2537,27,10,0,0,30
2538,46,13,0,0,55
2539,27,9,0,0,40
2540,25,6,0,0,40
2541,34,10,0,0,70
2542,33,9,0,0,40
2543,36,10,0,0,40
2544,30,4,0,0,48
2545,23,10,0,0,47
2546,36,3,0,0,32
2547,29,13,0,0,45
2548,50,10,7688,0,40
2549,19,8,0,0,40
2550,20,10,0,0,40
2551,52,9,0,0,40
2552,20,9,0,0,40
2553,22,11,0,0,40
2554,34,10,0,0,55
2555,60,10,0,0,40
2556,19,7,0,0,40
2557,59,9,0,0,20
2558,36,9,0,0,50
2559,25,9,0,0,40
2560,49,4,0,0,70
2561,25,9,0,0,30
2562,50,7,0,0,40
2563,44,12,0,0,43
2564,28,9,0,0,40
2565,33,10,0,0,20
2566,40,13,0,0,50
2567,56,10,0,0,45
2568,56,10,0,0,50
2569,23,13,0,0,42
2570,38,9,0,0,40
2571,21,10,0,0,10
2572,67,4,0,0,24
2573,54,11,0,0,40
2574,50,9,0,0,40
2575,59,4,0,0,40
2576,51,7,0,0,40
2577,30,9,0,0,29
2578,42,9,0,0,40
2579,64,9,0,0,20
2580,61,13,0,0,45
2581,26,13,0,0,40
2582,47,11,4064,0,40
2583,78,10,0,0,3
2584,24,9,0,0,50
2585,27,7,0,0,40
2586,51,14,0,0,50
2587,46,9,0,0,40
2588,55,9,0,0,60
2589,20,10,0,0,40
2590,30,9,0,0,50
2591,36,10,0,0,30
2592,19,9,0,0,20
2593,30,13,0,0,40
2594,31,12,0,0,50
2595,26,9,0,0,96
2596,59,12,0,0,35
2597,53,9,0,0,60
2598,24,10,0,0,40
2599,24,10,0,0,54
2600,36,9,0,0,50
2601,39,14,0,0,50
2602,53,9,0,0,32
2603,75,9,0,0,35
2604,36,9,0,0,50
2605,46,10,0,0,40
2606,56,9,0,1902,40
2607,29,9,0,0,40
2608,60,5,0,0,49
2609,58,9,0,0,38
2610,67,9,0,0,55
2611,35,10,7688,0,38
2612,39,10,0,0,80
2613,37,10,0,0,50
2614,54,10,0,0,50
2615,63,15,0,0,30
2616,47,7,0,0,38
2617,23,13,0,0,40
2618,55,9,4865,0,45
2619,49,7,0,0,40
2620,39,11,5178,0,40
2621,23,9,0,0,40
2622,19,10,0,0,12
2623,44,14,0,0,40
2624,25,11,0,0,40
2625,35,11,0,0,40
2626,23,9,0,0,40
2627,48,11,0,0,40
2628,48,10,2176,0,40
2629,44,9,0,0,40
2630,55,13,0,0,25
2631,33,9,0,0,50
2632,18,8,0,0,20
2633,24,13,2202,0,30
2634,32,12,0,0,56
2635,24,13,0,0,20
2636,44,13,99999,0,70
2637,27,13,0,0,45
2638,39,12,0,0,40
2639,26,6,0,0,40
2640,34,14,0,0,40
2641,38,14,99999,0,65
2642,41,14,0,0,75
2643,73,13,0,0,5
2644,32,9,0,0,50
2645,56,14,0,0,40
2646,59,13,0,1977,50
2647,44,10,0,0,60
2648,35,13,0,1590,40
2649,52,9,3781,0,40
2650,30,10,3325,0,50
2651,23,13,0,0,40
2652,43,9,8614,0,43
2653,61,9,0,0,50
2654,38,9,0,0,35
2655,68,6,0,0,16
2656,41,14,27828,0,50
2657,42,10,0,0,40
2658,48,5,0,0,20
2659,19,9,0,0,40
2660,31,7,0,0,40
2661,40,12,0,2377,50
2662,32,13,0,0,40
2663,51,9,14084,0,40
2664,44,13,0,0,40
2665,23,13,0,0,30
2666,30,7,0,0,35
2667,44,13,0,0,45
2668,24,9,0,0,60
2669,34,9,0,0,60
2670,17,7,0,0,12
2671,61,14,0,0,45
2672,30,13,0,0,40
2673,45,13,0,0,40
2674,22,11,0,0,40
2675,49,10,0,0,40
2676,39,12,0,0,45
2677,39,9,0,0,40
2678,34,10,0,0,40
2679,52,10,0,0,40
2680,24,11,0,0,40
2681,38,13,0,0,45
2682,19,7,0,0,40
2683,24,9,0,0,30
2684,25,12,0,0,43
2685,71,4,0,0,10
2686,27,9,0,0,40
2687,28,11,0,0,40
2688,54,11,15024,0,38
2689,18,7,0,0,10
2690,49,9,0,0,40
2691,36,9,0,0,25
2692,57,9,0,0,50
2693,56,14,0,0,40
2694,17,6,0,0,20
2695,30,9,0,0,50
2696,41,6,0,0,40
2697,26,9,0,0,40
2698,61,6,0,0,48
2699,50,10,0,0,40
2700,24,9,0,0,45
2701,44,7,0,0,40
2702,38,14,0,0,40
2703,61,4,0,0,40
2704,25,13,0,0,50
2705,34,9,0,0,70
2706,38,10,0,0,40
2707,42,9,0,0,55
2708,17,6,0,0,20
2709,48,4,0,0,40
2710,38,14,0,0,40
2711,52,9,0,0,50
2712,55,11,6849,0,40
2713,41,9,0,0,20
2714,45,3,0,0,35
2715,49,4,0,0,45
2716,19,10,0,0,20
2717,39,13,0,0,45
2718,43,10,2174,0,45
2719,42,10,0,0,65
2720,17,7,0,0,12
2721,30,12,0,0,25
2722,61,14,0,0,70
2723,48,14,15024,0,40
2724,60,9,0,0,40
2725,57,9,0,0,40
2726,27,3,0,0,45
2727,24,9,0,0,48
2728,41,8,0,0,84
2729,42,9,0,0,40
2730,34,13,0,0,15
2731,22,5,0,0,36
2732,47,9,0,0,43
2733,50,9,0,1980,40
2734,30,9,0,0,40
2735,38,13,0,0,45
2736,31,9,0,0,55
2737,44,10,0,0,45
2738,34,10,0,1651,38
2739,52,9,14344,0,40
2740,34,9,0,0,50
2741,31,10,0,0,40
2742,68,10,0,0,20
2743,22,9,0,0,40
2744,42,13,0,0,35
2745,37,9,0,0,35
2746,36,9,0,0,35
2747,38,10,0,0,30
2748,72,9,0,0,55
2749,40,3,0,0,40
2750,19,10,0,0,30
2751,55,11,0,0,50
2752,30,12,0,0,40
2753,52,13,0,1092,40
2754,29,13,3103,0,45
2755,41,10,0,0,4
2756,29,13,0,0,45
2757,24,13,0,0,20
2758,46,15,0,0,45
2759,44,9,0,0,60
2760,17,6,0,0,15
2761,35,11,0,0,35
2762,38,9,0,0,40
2763,36,5,0,0,40
2764,24,7,0,0,60
2765,38,13,0,0,99
2766,19,7,0,0,40
2767,30,9,0,0,45
2768,36,11,0,0,40
2769,27,10,0,0,45
2770,27,12,0,0,40
2771,66,4,0,0,30
2772,65,10,0,2174,40
2773,37,14,0,0,40
2774,17,7,0,0,30
2775,19,10,0,0,40
2776,57,3,0,0,50
2777,54,14,0,0,30
2778,21,10,0,0,40
2779,43,9,0,0,40
2780,50,9,0,0,40
2781,38,7,0,0,48
2782,31,9,15024,0,40
2783,41,15,0,0,38
2784,20,10,0,0,40
2785,28,13,0,0,15
2786,62,5,0,0,35
2787,41,8,0,0,40
2788,37,9,0,0,45
2789,53,10,0,0,30
2790,28,13,0,0,50
2791,23,14,0,0,30
2792,46,9,0,0,35
2793,28,9,0,0,45
2794,50,6,0,0,40
2795,19,10,0,0,45
2796,84,4,0,0,10
2797,48,15,0,0,35
2798,61,9,0,0,20
2799,44,10,0,0,42
2800,32,9,0,0,60
2801,25,10,0,0,35
2802,47,10,0,0,40
2803,19,10,0,0,15
2804,37,10,0,0,17
2805,28,9,0,0,40
2806,34,12,0,0,40
2807,32,10,0,0,35
2808,24,10,0,0,30
2809,22,10,0,0,25
2810,30,10,0,0,99
2811,56,14,0,0,40
2812,30,13,0,0,40
2813,28,10,0,0,26
2814,40,10,0,1887,68
2815,28,10,0,0,45
2816,39,8,0,0,40
2817,33,9,0,0,40
2818,23,10,0,0,40
2819,32,10,0,0,55
2820,37,9,0,0,40
2821,71,3,0,0,75
2822,30,10,0,0,40
2823,20,10,0,0,40
2824,53,9,0,1740,50
2825,42,9,0,0,45
2826,44,13,0,1902,56
2827,26,14,0,0,40
2828,21,10,0,0,16
2829,37,9,0,0,40
2830,36,13,0,0,40
2831,25,9,0,0,40
2832,54,16,0,1977,43
2833,38,13,0,0,50
2834,29,9,0,0,40
2835,20,10,0,0,38
2836,32,9,0,0,50
2837,24,12,0,0,20
2838,59,9,0,0,40
2839,56,13,0,0,40
2840,40,9,0,0,84
2841,35,13,0,0,40
2842,38,13,15024,0,40
2843,24,10,0,0,20
2844,30,10,0,1848,40
2845,61,9,0,0,40
2846,36,2,0,0,40
2847,20,10,0,0,20
2848,36,9,0,0,40
2849,45,13,0,0,40
2850,22,13,0,0,40
2851,31,9,0,2001,40
2852,34,9,0,0,40
2853,24,7,0,0,40
2854,42,5,0,0,35
2855,23,13,0,0,25
2856,46,15,0,0,40
2857,60,15,0,0,70
2858,40,10,0,0,40
2859,55,9,0,0,40
2860,47,14,27828,0,40
2861,28,9,0,0,43
2862,55,15,0,0,60
2863,47,14,0,0,40
2864,54,14,0,0,52
2865,32,7,0,0,60
2866,38,12,0,0,40
2867,61,10,0,0,40
2868,62,14,0,0,40
2869,29,10,5013,0,40
2870,26,9,0,0,32
2871,19,10,0,0,50
2872,40,6,0,0,40
2873,36,9,7298,0,40
2874,42,9,2885,0,45
2875,55,14,0,0,40
2876,55,9,2407,0,35
2877,43,13,0,0,40
2878,39,9,0,0,40
2879,38,10,0,0,45
2880,28,9,0,0,40
2881,36,10,0,0,40
2882,49,10,0,0,50
2883,41,10,0,0,40
2884,60,4,0,0,40
2885,35,13,0,0,70
2886,36,13,0,0,40
2887,51,9,0,0,40
2888,23,9,0,0,40
2889,51,9,0,0,40
2890,17,7,1055,0,18
2891,33,10,0,0,25
2892,50,9,0,0,40
2893,38,8,0,0,40
2894,18,9,0,0,35
2895,26,9,0,0,40
2896,21,10,0,0,47
2897,26,9,0,0,52
2898,30,9,0,0,40
2899,39,10,0,0,20
2900,33,9,0,0,40
2901,42,10,0,0,38
2902,28,15,0,0,50
2903,20,9,0,0,35
2904,66,13,0,2206,25
2905,31,10,0,0,50
2906,36,10,0,0,40
2907,39,12,0,0,40
2908,52,9,0,0,40
2909,61,4,7688,0,40
2910,27,9,0,0,40
2911,45,9,0,0,50
2912,21,5,0,0,40
2913,25,9,0,0,40
2914,24,10,0,0,25
2915,38,12,0,0,55
2916,51,10,0,0,24
2917,29,13,0,1902,50
2918,45,9,0,0,38
2919,59,6,0,0,50
2920,41,9,0,0,40
2921,23,13,0,0,40
2922,43,10,0,0,45
2923,17,7,0,0,20
2924,32,13,15024,0,50
2925,42,11,0,0,40
2926,68,14,0,2392,40
2927,55,9,0,1887,40
2928,43,9,0,0,40
2929,61,9,0,0,40
2930,28,9,0,0,40
2931,47,9,0,0,60
2932,21,4,0,0,40
2933,39,10,0,0,40
2934,39,7,0,1876,46
2935,34,10,0,2179,40
2936,57,5,0,0,40
2937,27,13,0,0,40
2938,21,10,0,0,12
2939,25,3,0,0,40
2940,51,10,0,0,50
2941,35,13,0,0,40
2942,19,10,0,0,12
2943,27,13,7298,0,55
2944,34,10,0,0,35
2945,33,9,0,0,32
2946,36,9,0,0,40
2947,33,13,0,0,35
2948,60,13,0,0,40
2949,42,10,15024,0,50
2950,47,9,0,0,40
2951,42,9,0,0,75
2952,34,10,0,0,65
2953,21,9,0,0,32
2954,30,14,0,0,15
2955,53,14,0,0,50
2956,34,9,0,0,40
2957,37,13,0,0,40
2958,27,9,0,0,40
2959,31,13,0,0,40
2960,30,10,0,0,40
2961,33,9,0,0,45
2962,41,10,0,0,40
2963,23,10,0,0,30
2964,65,10,0,0,40
2965,30,9,0,0,40
2966,51,11,4064,0,55
2967,30,10,0,0,40
2968,49,14,4787,0,45
2969,37,9,3137,0,30
2970,42,9,0,0,40
2971,62,11,0,0,45
2972,67,9,1086,0,35
2973,31,10,5178,0,40
2974,50,13,0,0,20
2975,33,13,0,0,40
2976,27,10,0,0,40
2977,31,11,4386,0,40
2978,35,10,0,0,40
2979,55,10,0,0,6
2980,54,13,0,1977,35
2981,56,13,0,0,48
2982,21,11,0,0,40
2983,66,4,0,0,20
2984,46,9,0,0,50
2985,23,13,0,0,38
2986,43,14,0,0,45
2987,40,9,0,0,55
2988,52,3,0,0,40
2989,59,13,0,0,50
2990,36,11,0,0,40
2991,33,9,0,0,40
2992,20,9,0,0,40
2993,21,9,0,0,35
2994,59,6,0,0,40
2995,42,14,0,0,50
2996,62,9,0,0,43
2997,54,9,0,0,40
2998,35,4,0,0,30
2999,36,12,0,0,40
3000,21,9,0,0,45
3001,30,9,0,0,14
3002,46,10,0,0,40
3003,32,3,0,0,40
3004,21,10,0,0,64
3005,39,9,0,0,40
3006,54,9,0,0,43
3007,32,10,3464,0,40
3008,23,9,0,0,40
3009,42,2,0,0,40
3010,62,6,0,0,30
3011,28,10,0,0,35
3012,28,9,0,0,40
3013,35,12,0,0,40
3014,19,10,0,0,40
3015,27,9,0,0,35
3016,54,2,0,0,50
3017,19,9,0,0,35
3018,27,10,0,0,30
3019,30,9,0,0,50
3020,35,12,0,0,35
3021,66,5,0,0,40
3022,19,10,0,0,20
3023,30,9,0,0,40
3024,32,13,0,0,40
3025,31,10,0,0,40
3026,26,11,0,0,65
3027,44,10,0,0,25
3028,52,13,0,0,50
3029,30,10,0,0,40
3030,32,9,0,0,60
3031,19,9,0,0,40
3032,33,9,0,0,30
3033,20,10,0,0,40
3034,61,4,0,0,40
3035,33,10,0,0,35
3036,24,10,0,0,35
3037,31,13,0,0,60
3038,20,9,0,0,20
3039,32,11,0,0,50
3040,29,12,0,0,40
3041,61,6,0,0,24
3042,48,9,0,0,50
3043,29,12,0,0,40
3044,61,8,0,0,52
3045,34,10,0,0,48
3046,22,12,0,0,15
3047,32,9,0,1672,40
3048,38,9,0,0,40
3049,27,10,0,0,40
3050,26,9,0,0,40
3051,35,9,8614,0,40
3052,62,9,0,0,40
3053,28,9,0,0,40
3054,50,9,0,0,40
3055,34,13,99999,0,50
3056,37,9,0,0,40
3057,63,2,0,0,44
3058,35,5,0,0,40
3059,55,13,0,0,40
3060,40,9,0,0,40
3061,25,9,0,0,50
3062,51,10,0,0,40
3063,37,13,7298,0,40
3064,54,13,7298,0,55
3065,47,10,0,0,40
3066,26,13,0,0,40
3067,46,11,0,0,40
3068,24,8,0,0,40
3069,19,4,0,0,80
3070,35,9,0,1902,40
3071,36,13,0,0,35
3072,18,8,0,0,20
3073,46,14,0,0,40
3074,30,9,0,0,32
3075,29,9,0,0,40
3076,65,9,0,0,20
3077,41,14,0,0,40
3078,34,13,0,0,40
3079,58,4,0,0,40
3080,39,9,0,0,40
3081,21,10,0,0,40
3082,31,9,0,0,50
3083,33,16,0,0,50
3084,28,13,0,0,60
3085,32,9,2977,0,35
3086,32,13,0,0,55
3087,31,9,0,0,40
3088,41,15,15024,0,40
3089,48,13,0,0,45
3090,27,9,0,0,40
3091,45,9,0,0,40
3092,34,9,0,0,50
3093,17,6,0,0,10
3094,25,9,0,0,23
3095,34,13,0,0,62
3096,33,9,0,0,40
3097,21,10,0,0,20
3098,22,9,0,0,50
3099,61,10,0,0,42
3100,40,9,0,0,30
3101,58,10,0,0,12
3102,30,10,0,0,58
3103,24,9,0,0,60
3104,52,8,0,0,50
3105,50,9,0,0,40
3106,49,10,0,0,30
3107,22,9,0,0,40
3108,32,13,0,0,35
3109,21,10,0,0,40
3110,25,10,0,0,50
3111,34,9,0,0,45
3112,48,6,0,0,45
3113,61,9,0,0,99
3114,21,10,0,0,40
3115,20,4,0,0,52
3116,30,10,0,0,40
3117,44,9,0,1902,40
3118,44,9,0,0,60
3119,29,9,0,0,60
3120,31,15,0,0,35
3121,35,9,0,0,40
3122,27,9,0,0,40
3123,26,13,0,0,45
3124,37,5,0,0,70
3125,33,13,0,0,40
3126,44,4,0,0,55
3127,34,13,0,0,40
3128,28,12,0,0,5
3129,30,10,0,0,45
3130,41,13,0,0,35
3131,23,13,0,0,40
3132,19,9,0,0,70
3133,48,2,3781,0,50
3134,26,10,0,0,20
3135,32,13,0,0,40
3136,26,9,0,0,48
3137,36,14,7298,0,55
3138,49,9,0,0,40
3139,33,9,0,1741,40
3140,54,14,0,0,40
3141,36,9,0,0,55
3142,41,9,0,0,48
3143,27,13,0,0,35
3144,68,13,0,2377,35
3145,21,10,0,0,75
3146,56,9,0,0,40
3147,40,11,0,0,60
3148,46,9,0,0,40
3149,55,5,0,0,45
3150,43,5,0,0,40
3151,46,9,0,0,40
3152,51,10,0,0,60
3153,19,10,0,0,15
3154,67,16,7896,0,50
3155,31,9,0,0,40
3156,27,13,0,0,50
3157,21,10,0,0,40
3158,36,9,0,0,50
3159,23,9,0,0,16
3160,62,14,0,0,40
3161,31,13,0,0,50
3162,52,13,0,1887,40
3163,39,9,0,0,40
3164,24,13,0,0,30
3165,55,9,13550,0,40
3166,38,9,0,0,40
3167,36,9,0,0,40
3168,17,7,0,0,15
3169,27,9,0,0,40
3170,30,10,0,0,40
3171,43,9,0,0,40
3172,51,7,0,0,30
3173,47,13,25236,0,35
3174,49,16,0,2258,50
3175,34,9,0,0,48
3176,19,9,0,0,60
3177,79,16,0,0,6
3178,28,10,0,0,40
3179,41,10,0,0,50
3180,21,10,0,0,50
3181,31,13,0,0,40
3182,45,9,0,0,45
3183,23,9,0,0,50
3184,32,10,0,0,50
3185,67,7,0,0,40
3186,32,14,0,0,55
3187,35,9,0,0,50
3188,29,10,0,0,40
3189,38,9,0,0,40
3190,38,10,0,0,60
3191,18,9,0,0,30
3192,47,9,5013,0,24
3193,22,9,0,0,40
3194,21,10,0,2377,48
3195,27,13,0,0,50
3196,28,10,0,0,30
3197,32,15,4508,0,40
3198,40,15,15024,0,55
3199,23,13,0,1719,40
3200,25,10,0,0,40
3201,44,10,0,2258,60
3202,43,9,0,0,25
3203,31,13,0,1977,55
3204,33,10,0,0,40
3205,41,9,0,0,40
3206,29,14,0,0,30
3207,32,12,0,0,40
3208,78,4,1797,0,15
3209,64,9,0,0,40
3210,58,13,0,0,50
3211,55,8,0,0,30
3212,20,9,0,0,40
3213,35,10,0,0,40
3214,27,9,0,0,40
3215,37,9,99999,0,50
3216,42,11,0,0,40
3217,47,8,0,0,35
3218,29,9,0,0,40
3219,33,2,0,0,24
3220,44,10,0,0,40
3221,70,3,2346,0,40
3222,25,9,0,0,78
3223,24,13,0,0,10
3224,42,13,2977,0,40
3225,53,13,0,0,50
3226,39,13,0,0,60
3227,72,9,0,0,40
3228,43,5,0,0,44
3229,25,10,0,0,40
3230,37,12,0,0,45
3231,27,9,0,0,40
3232,39,16,0,0,50
3233,64,9,2635,0,24
3234,29,9,0,0,50
3235,50,13,0,0,50
3236,33,3,0,0,40
3237,18,9,0,0,20
3238,20,7,0,0,32
3239,32,10,0,0,50
3240,45,10,0,0,40
3241,48,9,0,0,40
3242,20,10,0,0,40
3243,23,9,0,0,40
3244,34,13,0,1902,48
3245,43,13,8614,0,40
3246,44,13,0,0,40
3247,47,10,0,0,40
3248,47,9,0,0,40
3249,46,2,0,0,20
3250,19,9,0,0,40
3251,51,9,0,0,40
3252,41,9,0,0,40
3253,37,7,0,0,40
3254,31,9,0,0,40
3255,25,9,0,0,40
3256,46,10,0,0,40
3257,53,9,5178,0,45
3258,47,16,0,0,40
3259,28,9,0,0,50
3260,60,10,3137,0,46
3261,43,9,0,0,40
3262,45,9,7688,0,50
3263,28,6,0,0,40
3264,19,7,0,0,30
3265,51,15,99999,0,70
3266,19,9,0,0,35
3267,64,16,0,0,60
3268,44,16,0,0,60
3269,21,9,0,0,48
3270,33,9,0,0,40
3271,63,13,0,0,40
3272,44,9,0,0,40
3273,44,14,15024,0,35
3274,28,9,0,0,70
3275,24,13,0,0,40
3276,20,10,0,0,20
3277,21,10,0,0,24
3278,20,9,0,0,40
3279,21,9,0,0,40
3280,34,10,0,0,52
3281,17,7,0,0,15
3282,35,7,0,0,40
3283,26,9,0,0,40
3284,35,9,0,0,70
3285,25,9,0,0,40
3286,27,10,0,0,40
3287,52,11,0,0,40
3288,43,13,0,0,50
3289,36,14,7688,0,50
3290,37,9,0,0,40
3291,58,9,0,0,40
3292,25,12,0,0,45
3293,54,14,0,0,40
3294,42,10,0,0,60
3295,65,13,99999,0,65
3296,44,9,0,0,45
3297,61,3,0,0,40
3298,29,9,0,0,40
3299,34,10,0,0,40
3300,24,10,0,0,40
3301,40,12,0,0,42
3302,42,15,0,0,60
3303,50,9,0,0,40
3304,18,9,0,1602,20
3305,49,9,0,0,40
3306,38,9,0,0,40
3307,41,9,0,0,45
3308,70,10,0,0,5
3309,51,10,0,0,40
3310,24,13,0,0,40
3311,57,9,0,0,48
3312,22,10,0,0,20
3313,31,10,0,0,40
3314,28,10,0,0,40
3315,45,9,0,0,50
3316,39,9,0,0,40
3317,26,10,0,0,40
3318,38,9,0,0,40
3319,38,14,99999,0,60
3320,19,9,0,0,20
3321,36,9,0,0,40
3322,30,9,0,0,44
3323,28,14,0,0,40
3324,53,5,0,0,40
3325,32,13,0,0,38
3326,57,15,15024,0,60
3327,47,14,0,0,40
3328,36,10,0,0,56
3329,21,7,0,0,38
3330,25,13,0,0,40
3331,37,9,0,0,40
3332,31,9,0,0,30
3333,43,9,0,0,50
3334,61,9,0,2754,25
3335,56,10,0,0,35
3336,35,13,0,0,40
3337,59,4,0,0,38
3338,44,10,0,1887,55
3339,47,14,0,0,40
3340,44,13,0,0,55
3341,64,10,0,0,40
3342,26,9,0,0,45
3343,53,13,0,0,40
3344,50,13,0,0,40
3345,30,9,0,0,20
3346,46,9,0,0,44
3347,45,9,0,0,50
3348,44,9,0,0,40
3349,59,10,0,1977,48
3350,65,16,99999,0,40
3351,23,9,0,0,40
3352,33,10,0,0,38
3353,34,9,0,0,35
3354,38,11,0,0,40
3355,62,13,0,0,35
3356,21,10,0,0,40
3357,41,9,0,0,8
3358,35,9,0,0,40
3359,62,10,0,0,45
3360,53,9,0,0,40
3361,69,10,0,0,16
3362,19,10,0,0,16
3363,47,13,0,0,40
3364,52,10,0,0,90
3365,54,9,0,0,40
3366,58,9,0,0,10
3367,30,9,0,0,73
3368,39,9,0,0,25
3369,73,13,1173,0,75
3370,64,13,0,0,40
3371,32,9,0,0,40
3372,51,9,0,0,40
3373,57,13,0,0,40
3374,25,9,0,0,40
3375,53,9,0,1740,40
3376,39,10,0,0,25
3377,49,9,0,0,16
3378,23,13,0,1092,40
3379,28,13,0,0,55
3380,46,14,0,1977,50
3381,40,10,0,0,40
3382,24,9,0,0,50
3383,20,9,0,0,40
3384,50,6,0,0,8
3385,24,13,0,0,40
3386,35,9,0,0,40
3387,33,13,0,0,46
3388,54,13,0,0,40
3389,35,9,0,0,45
3390,31,9,0,0,40
3391,47,10,0,0,40
3392,48,9,0,0,20
3393,33,11,0,1669,55
3394,35,13,0,0,40
3395,20,10,0,0,10
3396,36,1,0,0,40
3397,30,13,0,0,55
3398,39,10,0,0,55
3399,25,10,0,0,40
3400,40,9,0,0,35
3401,25,9,0,0,40
3402,33,9,0,0,40
3403,53,10,0,0,40
3404,18,7,0,0,10
3405,41,9,0,0,40
3406,25,13,0,0,50
3407,66,4,0,0,50
3408,53,10,1471,0,40
3409,27,9,0,0,40
3410,28,9,0,0,40
3411,23,9,0,0,40
3412,29,6,0,0,80
3413,26,10,0,0,40
3414,26,9,0,0,42
3415,26,5,0,0,35
3416,38,9,0,0,40
3417,36,3,0,0,40
3418,34,10,15024,0,45
3419,32,9,0,0,40
3420,57,9,0,0,50
3421,31,10,0,0,40
3422,38,13,0,0,38
3423,39,9,0,0,40
3424,35,9,0,2377,40
3425,18,7,0,0,20
3426,75,10,0,0,8
3427,28,9,0,0,40
3428,41,14,0,0,55
3429,39,5,0,0,40
3430,31,10,0,0,40
3431,38,9,0,0,38
3432,43,10,0,0,38
3433,27,9,0,0,40
3434,42,14,0,1902,55
3435,46,13,0,0,36
3436,20,9,0,0,40
3437,42,10,0,0,20
3438,69,9,0,0,40
3439,47,11,0,0,35
3440,49,9,0,0,40
3441,20,10,0,0,30
3442,52,3,0,0,15
3443,33,3,0,0,59
3444,18,7,0,0,6
3445,55,9,0,0,55
3446,61,4,0,0,40
3447,61,10,9386,0,40
3448,39,13,0,0,45
3449,30,10,0,0,40
3450,61,9,0,0,40
3451,36,12,0,0,15
3452,34,10,0,0,50
3453,53,14,4386,0,40
3454,38,11,0,0,36
3455,46,13,7298,0,50
3456,27,9,0,0,40
3457,32,7,0,0,40
3458,60,13,0,0,60
3459,23,13,0,0,40
3460,29,13,14344,0,50
3461,22,9,0,0,50
3462,25,9,0,0,35
3463,29,13,0,0,48
3464,90,9,0,0,30
3465,37,9,0,0,40
3466,32,9,0,0,38
3467,18,9,0,0,40
3468,35,10,0,0,65
3469,50,5,2885,0,40
3470,54,9,5178,0,40
3471,43,13,0,0,45
3472,28,9,0,0,65
3473,51,5,0,0,40
3474,31,10,0,0,42
3475,69,9,2387,0,40
3476,57,13,0,0,40
3477,71,10,0,0,14
3478,28,6,0,0,40
3479,28,6,0,0,80
3480,25,9,0,0,95
3481,49,12,0,0,30
3482,52,5,0,0,40
3483,23,13,0,0,40
3484,32,3,0,0,40
3485,31,10,0,0,50
3486,30,9,0,0,50
3487,24,9,0,0,60
3488,45,12,0,0,66
3489,30,9,0,0,40
3490,52,13,15024,0,55
3491,42,9,0,0,25
3492,49,9,0,0,40
3493,20,9,0,0,30
3494,25,13,0,0,40
3495,41,5,0,0,55
3496,55,9,0,0,40
3497,31,11,3137,0,50
3498,25,13,0,0,40
3499,32,9,0,0,40
3500,29,10,0,0,40
3501,37,9,0,0,40
3502,52,4,0,0,40
3503,19,10,0,0,15
3504,21,10,0,0,24
3505,43,12,0,0,40
3506,39,10,0,0,40
3507,40,10,0,0,40
3508,54,2,0,0,40
3509,35,13,0,0,40
3510,34,11,0,1974,40
3511,35,10,0,0,40
3512,57,16,0,0,40
3513,26,13,0,0,40
3514,55,13,0,0,15
3515,51,13,0,0,40
3516,35,12,0,0,30
3517,31,9,0,0,40
3518,17,7,0,0,8
3519,38,9,0,0,40
3520,39,15,0,1887,50
3521,29,9,0,0,45
3522,39,11,0,0,40
3523,42,10,0,0,40
3524,46,14,0,0,50
3525,73,4,0,0,25
3526,47,10,0,1876,40
3527,28,9,0,0,70
3528,27,6,0,1980,40
3529,38,15,0,0,40
3530,19,9,0,0,35
3531,60,11,0,0,40
3532,24,10,0,0,40
3533,52,7,0,0,40
3534,36,13,0,0,45
3535,26,14,0,0,40
3536,28,13,0,0,16
3537,38,13,0,0,50
3538,47,14,0,0,50
3539,50,13,0,0,40
3540,27,9,0,0,40
3541,47,10,0,0,40
3542,36,6,3464,0,40
3543,49,9,0,0,40
3544,68,10,0,0,48
3545,63,9,0,0,40
3546,36,9,0,0,70
3547,42,10,0,0,35
3548,28,14,0,0,45
3549,68,9,0,0,8
3550,38,9,0,0,22
3551,43,13,0,1902,40
3552,49,10,0,0,40
3553,59,9,0,0,40
3554,25,13,0,0,40
3555,26,12,0,0,36
3556,59,10,0,0,48
3557,34,10,0,0,45
3558,34,14,0,0,43
3559,67,9,0,0,24
3560,45,11,0,0,44
3561,64,4,0,0,40
3562,51,14,0,0,38
3563,31,13,0,0,55
3564,42,13,0,0,45
3565,65,3,0,0,40
3566,23,10,0,0,20
3567,31,10,0,0,45
3568,33,6,0,0,40
3569,17,7,0,0,35
3570,63,14,0,0,46
3571,48,9,0,0,60
3572,45,12,0,0,40
3573,17,6,0,0,10
3574,26,9,0,0,40
3575,38,10,0,0,40
3576,29,9,0,0,40
3577,44,10,0,0,32
3578,43,14,0,0,40
3579,39,13,0,0,40
3580,43,9,0,0,40
3581,23,9,0,0,45
3582,19,9,0,0,40
3583,49,5,0,0,40
3584,52,10,5013,0,40
3585,32,9,0,0,50
3586,38,13,4508,0,40
3587,25,3,0,0,25
3588,44,10,0,0,40
3589,63,4,0,0,40
3590,42,9,0,0,60
3591,21,10,0,0,40
3592,32,10,0,0,40
3593,24,9,0,0,50
3594,50,9,0,0,40
3595,26,13,0,0,80
3596,35,9,0,0,35
3597,31,13,0,0,44
3598,24,2,0,0,66
3599,40,9,0,0,56
3600,31,13,0,0,55
3601,43,9,0,0,40
3602,44,9,0,0,35
3603,40,13,0,0,40
3604,75,3,0,0,25
3605,52,10,3137,0,42
3606,51,3,0,0,40
3607,39,13,0,0,40
3608,40,12,7688,0,50
3609,40,10,0,0,35
3610,33,9,0,0,40
3611,38,10,0,0,60
3612,29,11,0,0,50
3613,37,10,0,0,37
3614,37,9,15024,0,45
3615,19,9,0,0,40
3616,46,9,0,0,40
3617,46,12,0,0,40
3618,37,10,0,0,30
3619,34,10,0,0,40
3620,38,10,0,0,43
3621,26,9,0,0,40
3622,34,13,0,0,35
3623,57,13,0,0,40
3624,33,7,0,0,65
3625,26,10,0,0,40
3626,20,9,0,0,84
3627,38,13,7298,0,60
3628,61,10,0,0,6
3629,36,16,0,0,45
3630,61,9,3103,0,40
3631,17,10,0,0,16
3632,40,10,0,0,40
3633,18,7,0,0,16
3634,21,12,0,0,32
3635,41,9,0,0,40
3636,46,7,0,0,40
3637,55,9,0,0,40
3638,27,12,0,0,52
3639,39,9,0,0,42
3640,36,9,0,0,48
3641,51,10,3908,0,40
3642,27,13,0,0,40
3643,30,13,0,0,40
3644,42,9,0,0,47
3645,23,13,0,0,20
3646,56,11,15024,0,40
3647,41,10,0,0,50
3648,49,9,0,0,46
3649,46,11,0,0,60
3650,54,9,0,0,40
3651,38,10,7298,0,43
3652,45,15,0,0,50
3653,50,15,0,2415,30
3654,22,10,0,0,40
3655,31,9,0,0,40
3656,27,9,0,0,30
3657,34,9,0,0,40
3658,46,7,0,0,30
3659,47,13,0,0,60
3660,36,11,0,0,40
3661,22,9,0,0,40
3662,51,9,0,2002,45
3663,43,10,0,0,30
3664,54,10,0,0,50
3665,24,5,0,0,40
3666,29,15,0,0,55
3667,40,10,0,0,38
3668,18,7,0,0,20
3669,31,13,0,0,50
3670,57,16,0,1977,40
3671,32,14,0,0,40
3672,48,14,0,0,40
3673,24,10,0,0,35
3674,24,12,0,0,22
3675,24,11,0,0,40
3676,49,13,7688,0,30
3677,27,9,0,1573,70
3678,37,10,0,0,40
3679,33,10,0,0,60
3680,19,10,0,0,25
3681,45,13,0,0,40
3682,54,14,0,0,40
3683,47,9,0,625,40
3684,22,10,0,0,22
3685,20,9,0,0,40
3686,36,5,0,0,40
3687,49,9,0,0,40
3688,58,4,0,0,40
3689,20,10,0,0,40
3690,34,13,0,0,40
3691,36,14,0,1977,44
3692,28,13,4101,0,60
3693,38,11,0,0,40
3694,32,7,0,0,40
3695,35,9,0,0,60
3696,51,12,0,0,60
3697,33,10,0,0,45
3698,71,14,0,0,15
3699,48,14,0,0,40
3700,53,9,0,0,50
3701,40,11,0,0,40
3702,64,9,0,0,5
3703,42,9,0,0,48
3704,25,9,0,0,40
3705,66,10,0,0,50
3706,59,14,0,0,40
3707,42,10,0,0,55
3708,24,9,0,0,40
3709,19,9,0,0,25
3710,26,10,0,0,24
3711,22,9,0,0,30
3712,33,10,0,0,40
3713,63,7,0,0,12
3714,20,10,0,0,30
3715,33,3,0,0,40
3716,57,4,1173,0,45
3717,56,9,0,0,40
3718,70,11,0,0,24
3719,42,9,0,0,40
3720,25,13,0,0,40
3721,28,10,0,0,40
3722,80,9,1409,0,40
3723,36,6,0,0,40
3724,37,14,0,0,40
3725,38,9,0,0,60
3726,52,9,0,0,35
3727,49,9,0,0,40
3728,30,9,0,0,40
3729,36,10,7688,0,50
3730,70,15,0,0,35
3731,55,10,0,2258,62
3732,25,13,0,0,40
3733,59,9,0,0,40
3734,22,10,0,0,40
3735,41,12,0,0,50
3736,62,9,0,0,45
3737,54,9,0,0,40
3738,38,9,0,0,40
3739,52,9,7688,0,40
3740,36,7,0,0,40
3741,74,9,0,0,30
3742,35,3,0,0,15
3743,41,8,0,0,40
3744,30,11,0,0,40
3745,25,9,0,0,48
3746,35,10,13550,0,60
3747,38,13,15024,0,50
3748,34,14,0,1848,40
3749,48,14,0,0,50
3750,50,3,0,0,15
3751,19,9,0,0,40
3752,51,10,0,0,40
3753,39,13,0,0,40
3754,20,7,0,0,40
3755,17,7,0,0,16
3756,42,10,0,0,50
3757,25,10,0,0,25
3758,36,9,0,0,40
3759,65,16,0,0,40
3760,32,13,0,0,70
3761,33,13,0,0,45
3762,32,10,0,0,20
3763,25,9,0,0,40
3764,41,10,0,0,40
3765,44,9,0,0,40
3766,72,6,2414,0,12
3767,36,9,0,0,52
3768,67,9,1797,0,20
3769,28,9,4064,0,45
3770,24,7,0,0,40
3771,17,4,0,0,8
3772,32,13,0,0,30
3773,67,7,0,0,40
3774,21,10,0,0,10
3775,51,14,5013,0,40
3776,32,2,3674,0,40
3777,39,10,0,0,40
3778,18,10,0,0,35
3779,50,13,0,0,45
3780,24,6,0,0,15
3781,21,10,0,0,40
3782,24,13,0,0,16
3783,34,11,0,0,40
3784,68,6,0,0,35
3785,49,6,0,0,32
3786,50,9,0,0,40
3787,33,12,0,0,40
3788,18,10,0,0,40
3789,45,11,0,0,55
3790,20,9,0,0,35
3791,46,13,3103,0,37
3792,64,9,0,0,40
3793,39,16,0,0,45
3794,35,9,0,0,70
3795,21,10,0,0,32
3796,29,12,0,0,45
3797,38,13,0,0,30
3798,45,9,0,0,40
3799,30,14,0,0,50
3800,41,10,0,0,40
3801,37,9,0,0,40
3802,45,13,0,1887,60
3803,20,9,0,0,30
3804,45,9,0,0,48
3805,20,9,0,0,20
3806,63,10,14084,0,60
3807,35,10,0,0,40
3808,24,13,0,0,50
3809,19,10,0,0,50
3810,23,9,0,0,35
3811,34,13,0,0,45
3812,23,7,0,0,40
3813,36,3,0,0,50
3814,46,9,0,0,5
3815,38,13,0,0,42
3816,55,8,0,0,40
3817,27,10,0,0,40
3818,48,10,0,0,45
3819,35,9,0,0,50
3820,53,10,7688,0,40
3821,47,9,0,0,40
3822,50,10,4650,0,22
3823,32,10,0,0,40
3824,40,9,0,0,46
3825,41,10,0,0,50
3826,47,13,0,0,40
3827,21,10,0,0,25
3828,45,14,0,0,35
3829,33,4,0,0,14
3830,68,10,0,0,25
3831,44,15,0,0,55
3832,49,6,0,0,50
3833,45,16,0,0,40
3834,41,10,0,1848,65
3835,29,4,0,0,40
3836,46,10,0,0,60
3837,19,9,0,0,25
3838,56,6,0,0,40
3839,55,9,0,0,60
3840,29,9,0,0,50
3841,21,9,0,0,25
3842,38,9,0,0,40
3843,52,3,0,0,50
3844,22,9,0,0,40
3845,20,9,0,0,60
3846,31,9,0,0,50
3847,39,9,0,0,40
3848,55,10,0,0,40
3849,35,12,0,0,40
3850,67,9,0,0,5
3851,45,13,7298,0,55
3852,61,14,0,0,60
3853,18,9,0,0,30
3854,51,13,0,0,40
3855,37,9,0,0,40
3856,21,10,0,0,25
3857,32,10,0,0,38
3858,48,9,0,0,45
3859,62,4,0,0,53
3860,21,10,0,0,40
3861,28,9,0,0,45
3862,19,6,0,1602,45
3863,20,10,0,0,15
3864,41,13,0,0,40
3865,29,13,0,0,40
3866,47,13,15024,0,50
3867,43,13,0,0,37
3868,20,10,0,0,20
3869,29,13,0,0,55
3870,51,13,0,0,40
3871,40,11,0,0,40
3872,26,3,0,0,40
3873,30,13,0,0,40
3874,36,9,0,0,40
3875,68,9,0,1668,20
3876,42,10,0,0,40
3877,41,9,0,0,40
3878,43,13,0,0,45
3879,20,10,0,0,20
3880,43,13,0,0,40
3881,53,9,15024,0,60
3882,45,10,0,0,40
3883,39,9,0,0,40
3884,31,14,0,0,45
3885,23,10,0,0,25
3886,69,9,2964,0,35
3887,38,14,0,0,40
3888,37,9,0,0,45
3889,18,9,0,0,40
3890,41,9,0,0,45
3891,30,13,3103,0,55
3892,23,12,0,0,20
3893,26,13,0,0,30
3894,37,9,0,0,40
3895,25,10,2174,0,50
3896,33,10,0,0,40
3897,37,13,15024,0,40
3898,31,13,0,0,40
3899,27,10,0,0,80
3900,35,14,0,0,40
3901,28,10,0,0,30
3902,59,9,0,0,50
3903,42,13,0,0,40
3904,50,9,0,0,40
3905,27,12,0,0,45
3906,32,10,0,0,40
3907,27,9,0,0,40
3908,43,13,0,0,40
3909,46,7,0,0,40
3910,41,10,0,0,50
3911,59,14,8614,0,60
3912,20,10,0,0,30
3913,57,13,0,0,40
3914,46,9,4386,0,70
3915,45,4,0,0,40
3916,29,9,0,1590,45
3917,23,7,0,0,40
3918,46,9,0,1590,48
3919,55,9,0,0,50
3920,58,10,0,0,40
3921,38,11,0,0,40
3922,29,10,0,0,50
3923,57,9,0,0,20
3924,26,13,0,0,40
3925,42,13,0,0,40
3926,61,9,0,0,45
3927,31,10,15024,0,45
3928,43,9,0,0,40
3929,47,13,15024,0,50
3930,51,9,0,0,56
3931,23,9,0,0,40
3932,24,9,0,0,40
3933,25,10,0,0,38
3934,22,10,0,0,40
3935,38,11,0,0,50
3936,48,9,0,0,16
3937,33,9,0,0,30
3938,46,14,0,0,55
3939,18,4,0,0,40
3940,52,9,0,0,40
3941,46,13,0,1848,45
3942,28,9,0,0,40
3943,37,10,0,0,30
3944,23,10,0,0,15
3945,45,14,0,0,50
3946,17,6,0,0,16
3947,56,14,0,0,40
3948,38,12,0,0,45
3949,81,4,0,0,10
3950,22,10,0,0,30
3951,43,10,0,0,40
3952,31,12,0,1740,40
3953,42,13,0,1887,40
3954,66,10,0,0,50
3955,50,9,0,0,40
3956,31,10,0,0,40
3957,35,10,0,0,40
3958,21,10,0,0,35
3959,36,13,0,0,35
3960,33,4,0,0,40
3961,36,13,0,213,40
3962,37,9,0,0,55
3963,50,9,0,0,25
3964,55,10,0,0,40
3965,29,9,0,0,40
3966,24,10,0,0,30
3967,39,10,0,0,40
3968,34,13,0,0,40
3969,29,4,0,0,55
3970,60,10,0,0,32
3971,33,14,0,0,50
3972,58,5,0,0,40
3973,27,10,0,0,40
3974,46,10,0,0,40
3975,63,9,0,0,40
3976,38,10,0,0,40
3977,23,10,0,0,15
3978,29,13,8614,0,40
3979,31,15,0,0,60
3980,49,9,0,0,40
3981,45,16,0,0,60
3982,42,5,0,0,40
3983,48,9,0,0,40
3984,33,9,0,0,40
3985,24,10,0,0,40
3986,49,10,0,0,50
3987,40,10,2580,0,40
3988,57,11,0,1902,45
3989,50,9,0,0,40
3990,46,13,15024,0,55
3991,35,10,3908,0,60
3992,19,10,0,0,20
3993,18,6,0,0,28
3994,20,9,0,0,40
3995,42,9,0,0,40
3996,46,9,0,0,40
3997,40,9,0,0,20
3998,54,14,0,0,45
3999,28,9,0,0,45
4000,38,10,0,0,40
4001,28,10,0,0,40
4002,22,7,0,0,40
4003,31,13,0,0,50
4004,27,9,0,0,40
4005,45,13,0,0,42
4006,38,13,0,0,40
4007,67,12,20051,0,4
4008,75,14,0,0,16
4009,41,14,0,0,60
4010,37,13,0,0,60
4011,47,9,0,0,50
4012,34,13,0,0,45
4013,25,9,0,0,40
4014,52,9,0,0,40
4015,27,9,2174,0,40
4016,35,9,0,0,40
4017,44,8,0,0,35
4018,27,9,0,0,80
4019,42,10,0,0,33
4020,26,5,0,0,38
4021,23,9,0,0,40
4022,28,9,0,0,40
4023,38,9,0,0,50
4024,28,10,0,0,50
4025,29,9,0,0,40
4026,56,5,3411,0,50
4027,23,13,0,0,35
4028,30,10,0,0,40
4029,48,10,0,0,40
4030,45,10,0,0,72
4031,38,14,0,0,60
4032,24,9,0,0,40
4033,47,16,0,0,40
4034,22,9,0,0,48
4035,29,10,0,0,40
4036,45,12,0,0,40
4037,24,9,0,0,40
4038,40,9,0,0,40
4039,28,5,0,0,40
4040,46,13,0,0,50
4041,34,10,0,0,4
4042,32,10,0,0,40
4043,20,9,0,0,40
4044,23,10,0,0,35
4045,46,9,0,0,40
4046,21,9,0,0,35
4047,59,14,0,0,40
4048,31,10,0,0,50
4049,48,10,0,0,40
4050,34,4,0,0,40
4051,19,10,0,0,25
4052,20,10,0,0,35
4053,29,13,0,0,50
4054,54,10,0,0,40
4055,36,9,0,0,52
4056,43,13,0,0,50
4057,46,13,3103,0,40
4058,33,14,0,0,45
4059,33,6,0,0,45
4060,36,10,0,0,40
4061,37,9,5178,0,40
4062,37,11,0,0,54
4063,64,8,0,0,24
4064,45,9,0,0,60
4065,25,13,0,0,40
4066,28,11,0,0,40
4067,26,9,2354,0,40
4068,23,9,0,0,40
4069,24,9,0,0,40
4070,58,10,0,0,40
4071,36,11,0,0,40
4072,46,10,0,0,50
4073,23,4,0,0,40
4074,32,10,4386,0,50
4075,26,9,0,0,40
4076,52,3,0,0,40
4077,19,9,0,0,45
4078,33,13,0,0,60
4079,60,9,0,0,40
4080,39,10,0,0,38
4081,45,13,0,0,45
4082,37,10,0,0,40
4083,29,12,0,0,40
4084,53,10,0,0,66
4085,46,10,0,1740,40
4086,20,10,0,0,40
4087,39,14,0,0,40
4088,48,10,7298,0,40
4089,38,9,4386,0,48
4090,36,9,0,0,45
4091,53,4,0,0,56
4092,29,9,0,1974,35
4093,64,4,2580,0,50
4094,34,10,0,0,50
4095,36,9,0,0,40
4096,41,13,0,0,40
4097,34,9,0,0,38
4098,68,5,0,0,2
4099,37,13,0,0,50
4100,22,10,0,0,40
4101,43,8,0,0,40
4102,19,10,0,0,30
4103,36,10,0,0,40
4104,47,9,0,0,55
4105,25,11,0,0,40
4106,33,10,0,0,40
4107,27,10,0,0,40
4108,33,10,0,0,70
4109,24,9,0,0,40
4110,47,10,0,0,40
4111,48,6,0,0,40
4112,28,9,0,0,50
4113,33,13,0,0,40
4114,44,13,0,1977,40
4115,33,11,0,0,56
4116,26,10,0,0,25
4117,22,11,0,0,40
4118,34,10,0,0,55
4119,31,10,0,0,45
4120,73,9,0,0,15
4121,38,11,0,0,40
4122,51,10,0,0,40
4123,36,10,0,0,40
4124,29,10,7688,0,54
4125,64,9,0,0,15
4126,24,10,0,0,55
4127,21,10,0,0,20
4128,28,10,0,0,60
4129,18,7,0,0,25
4130,41,9,0,0,50
4131,17,5,0,0,16
4132,58,16,0,0,50
4133,50,13,0,0,8
4134,30,7,0,0,40
4135,47,9,0,0,40
4136,24,10,0,0,20
4137,50,10,0,0,40
4138,29,14,0,0,55
4139,31,16,0,0,40
4140,40,9,0,0,70
4141,31,10,0,0,60
4142,53,5,0,0,40
4143,33,9,0,0,40
4144,43,13,0,0,40
4145,56,10,7688,0,50
4146,38,13,0,0,50
4147,18,7,0,0,30
4148,50,9,0,0,40
4149,78,9,2329,0,12
4150,27,7,0,0,40
4151,19,10,0,0,25
4152,24,13,0,0,40
4153,20,10,0,1602,15
4154,25,14,0,0,35
4155,34,13,0,0,50
4156,30,11,0,0,35
4157,37,14,0,0,40
4158,38,9,0,0,48
4159,67,9,0,0,12
4160,35,9,0,0,30
4161,75,9,0,0,30
4162,47,10,0,0,50
4163,23,6,0,0,40
4164,51,9,0,0,8
4165,42,9,0,0,40
4166,32,10,0,0,32
4167,54,9,0,0,35
4168,20,10,0,0,40
4169,39,9,0,0,40
4170,41,9,7688,0,38
4171,35,9,0,0,40
4172,45,13,0,0,35
4173,27,13,0,0,40
4174,61,4,0,0,30
4175,41,9,0,0,50
4176,22,10,0,0,40
4177,55,10,15024,0,40
4178,66,13,0,0,6
4179,25,10,0,0,40
4180,20,10,0,0,35
4181,20,10,0,0,35
4182,67,13,0,0,16
4183,44,10,0,0,60
4184,42,9,0,0,60
4185,29,10,0,0,40
4186,48,10,0,0,38
4187,25,9,0,0,40
4188,31,9,0,0,99
4189,48,13,0,2472,70
4190,40,14,0,0,20
4191,26,10,0,0,40
4192,28,9,0,0,35
4193,52,10,0,0,40
4194,41,9,0,0,40
4195,39,13,0,0,50
4196,48,9,0,0,16
4197,19,9,0,0,30
4198,27,10,0,1651,40
4199,59,11,0,1740,50
4200,19,10,0,0,40
4201,32,9,0,0,50
4202,39,9,0,0,40
4203,33,9,0,0,40
4204,38,9,0,0,40
4205,27,10,0,0,45
4206,23,9,0,0,45
4207,59,11,0,0,48
4208,25,13,0,0,20
4209,37,12,0,0,68
4210,31,9,0,0,65
4211,24,12,0,0,37
4212,53,13,0,0,38
4213,26,10,0,0,40
4214,25,10,0,0,40
4215,59,7,0,0,40
4216,39,9,0,0,40
4217,28,10,0,0,40
4218,22,9,0,0,40
4219,20,9,0,0,40
4220,25,10,0,0,40
4221,27,10,0,0,50
4222,20,9,0,0,40
4223,63,10,0,0,24
4224,43,6,0,0,25
4225,39,10,0,0,40
4226,27,13,0,0,45
4227,17,6,0,0,5
4228,40,15,0,0,72
4229,50,10,0,0,48
4230,23,13,0,0,35
4231,60,9,7298,0,65
4232,30,9,0,0,40
4233,24,9,0,0,50
4234,23,13,0,0,20
4235,24,13,5013,0,30
4236,45,13,0,0,20
4237,58,10,7298,0,60
4238,22,10,0,0,20
4239,41,10,0,0,40
4240,48,4,0,0,40
4241,31,9,0,0,40
4242,33,15,0,1977,50
4243,49,13,0,0,50
4244,30,13,7688,0,50
4245,38,9,0,0,40
4246,58,9,0,0,48
4247,58,13,0,0,50
4248,61,9,0,0,40
4249,58,9,7688,0,40
4250,32,11,0,0,45
4251,33,9,0,0,50
4252,28,13,0,0,50
4253,22,10,0,0,11
4254,35,9,0,0,40
4255,59,9,0,0,55
4256,45,15,7688,0,40
4257,50,9,0,0,40
4258,56,8,0,0,40
4259,36,9,0,0,40
4260,18,6,0,0,30
4261,28,10,0,0,60
4262,42,11,0,0,40
4263,60,9,0,0,40
4264,41,10,0,0,91
4265,42,13,7298,0,45
4266,36,9,0,0,55
4267,52,14,0,0,40
4268,42,9,0,0,40
4269,26,10,0,0,55
4270,31,13,0,0,40
4271,47,3,0,0,40
4272,35,10,0,0,50
4273,19,5,0,0,25
4274,59,10,0,0,80
4275,38,13,0,0,40
4276,36,13,0,0,50
4277,35,14,0,0,55
4278,39,9,0,0,30
4279,64,10,0,0,40
4280,17,6,0,0,25
4281,49,10,0,0,32
4282,19,10,0,0,25
4283,36,9,3137,0,40
4284,26,9,0,0,45
4285,27,3,2176,0,40
4286,66,13,20051,0,40
4287,38,4,0,0,40
4288,25,13,0,0,25
4289,19,9,0,0,40
4290,30,12,4787,0,50
4291,22,11,0,0,40
4292,60,10,0,0,44
4293,54,10,0,1977,18
4294,46,9,0,0,37
4295,33,10,0,0,40
4296,51,14,0,0,40
4297,43,15,15024,0,60
4298,18,9,0,0,30
4299,60,9,0,0,25
4300,39,9,0,0,60
4301,23,13,3325,0,40
4302,39,12,0,0,40
4303,40,10,0,0,40
4304,48,10,0,0,65
4305,24,9,0,0,40
4306,32,9,0,0,40
4307,31,10,0,0,60
4308,39,9,0,0,40
4309,27,14,0,0,40
4310,45,14,0,0,38
4311,22,9,0,0,40
4312,31,13,0,0,40
4313,63,9,0,0,40
4314,45,13,0,0,50
4315,28,10,0,0,50
4316,23,13,0,0,40
4317,50,9,0,0,44
4318,33,8,0,0,40
4319,22,10,0,0,40
4320,27,13,13550,0,46
4321,29,10,0,0,40
4322,36,9,0,0,35
4323,60,2,0,0,40
4324,46,13,0,0,50
4325,67,14,0,0,40
4326,20,10,0,0,15
4327,23,13,0,0,55
4328,38,9,0,0,50
4329,60,15,0,0,40
4330,20,10,0,0,35
4331,37,10,0,0,48
4332,37,9,0,0,40
4333,58,9,0,0,40
4334,25,13,0,0,30
4335,27,10,0,0,60
4336,33,10,0,0,55
4337,43,10,0,0,40
4338,21,10,0,0,20
4339,45,9,0,0,40
4340,44,3,0,0,40
4341,52,4,0,0,40
4342,53,9,4787,0,46
4343,31,9,0,0,20
4344,18,7,0,0,15
4345,20,9,0,0,30
4346,32,9,0,0,40
4347,48,6,0,0,40
4348,46,9,0,0,40
4349,28,9,0,0,50
4350,27,9,0,0,40
4351,18,10,0,0,32
4352,69,9,9386,0,12
4353,50,14,0,0,40
4354,43,9,0,0,40
4355,32,13,0,0,30
4356,43,9,0,0,48
4357,52,9,7688,0,55
4358,50,13,0,0,40
4359,35,10,0,0,40
4360,20,9,0,0,5
4361,73,9,0,0,65
4362,46,9,0,0,45
4363,58,9,0,0,60
4364,46,15,15024,0,60
4365,40,9,0,0,50
4366,25,13,0,0,40
4367,22,12,0,0,25
4368,33,13,0,0,40
4369,49,11,0,0,40
4370,62,6,0,0,40
4371,56,10,0,0,48
4372,24,9,0,0,40
4373,42,9,0,0,40
4374,41,14,0,0,40
4375,23,13,0,0,66
4376,22,10,0,0,40
4377,35,13,0,0,40
4378,42,9,0,0,40
4379,22,9,0,0,40
4380,32,9,0,0,50
4381,25,9,0,0,40
4382,66,3,0,0,15
4383,26,9,0,0,38
4384,46,10,3325,0,55
4385,55,13,0,0,45
4386,24,9,0,0,40
4387,25,9,0,0,40
4388,22,10,0,0,40
4389,31,9,0,0,40
4390,30,9,0,0,40
4391,54,9,0,0,15
4392,19,10,0,0,40
4393,56,5,0,0,40
4394,47,9,0,0,60
4395,29,9,0,0,40
4396,53,9,0,0,40
4397,22,9,0,0,40
4398,50,13,0,1902,60
4399,42,9,0,0,40
4400,21,10,0,0,40
4401,36,9,0,0,70
4402,60,3,0,0,40
4403,69,11,0,0,25
4404,31,9,0,0,40
4405,48,10,0,0,55
4406,23,9,0,0,40
4407,24,12,8614,0,40
4408,47,9,0,0,40
4409,36,9,0,0,40
4410,39,12,0,0,50
4411,22,9,0,0,46
4412,27,13,10520,0,45
4413,36,9,0,0,40
4414,54,2,0,0,40
4415,33,9,0,0,40
4416,42,9,7688,0,50
4417,52,10,0,0,65
4418,23,13,0,0,32
4419,33,2,0,0,40
4420,30,11,0,0,38
4421,35,11,0,0,38
4422,35,11,0,0,20
4423,27,9,0,0,37
4424,24,9,0,0,35
4425,44,9,0,0,40
4426,62,11,0,0,20
4427,45,13,15024,0,40
4428,75,9,0,0,20
4429,47,13,0,0,50
4430,64,15,0,0,60
4431,54,9,0,0,42
4432,41,13,0,0,40
4433,33,12,0,0,40
4434,20,10,0,0,10
4435,51,13,0,0,50
4436,45,15,0,0,50
4437,18,7,0,0,72
4438,43,6,0,0,40
4439,30,9,0,1504,40
4440,32,9,0,0,40
4441,45,10,0,1902,40
4442,61,10,0,0,40
4443,21,2,0,0,40
4444,56,7,0,0,49
4445,28,9,0,0,60
4446,23,10,0,0,40
4447,55,10,0,0,84
4448,27,10,0,419,20
4449,33,9,0,0,70
4450,22,10,0,0,20
4451,43,11,0,0,40
4452,32,9,0,0,40
4453,38,10,0,0,40
4454,18,5,0,0,20
4455,35,10,0,0,50
4456,67,9,0,0,40
4457,29,9,0,0,40
4458,19,2,0,0,55
4459,39,7,0,0,35
4460,29,10,0,1887,50
4461,45,15,0,0,55
4462,44,10,3103,0,40
4463,42,4,0,0,40
4464,34,13,0,0,40
4465,52,13,0,0,40
4466,18,7,0,0,25
4467,64,9,0,0,25
4468,30,13,0,0,45
4469,43,13,0,0,42
4470,49,10,0,0,40
4471,35,10,0,0,40
4472,37,15,0,0,50
4473,49,4,0,0,40
4474,19,7,0,0,40
4475,22,13,2202,0,4
4476,31,9,0,0,40
4477,26,10,0,0,40
4478,44,10,0,0,55
4479,38,10,0,0,40
4480,33,9,0,0,60
4481,24,9,0,0,37
4482,18,8,0,0,20
4483,32,11,0,0,40
4484,27,9,0,0,40
4485,28,14,0,0,40
4486,30,11,0,0,40
4487,33,9,0,0,38
4488,74,14,0,0,10
4489,36,9,0,0,70
4490,36,12,0,0,55
4491,29,9,0,2057,20
4492,39,13,0,0,45
4493,25,13,0,0,80
4494,21,9,0,0,40
4495,39,11,0,0,50
4496,38,10,0,0,32
4497,20,9,0,0,25
4498,51,9,0,0,40
4499,21,9,0,0,40
4500,36,10,0,0,40
4501,50,9,0,0,40
4502,38,9,0,0,55
4503,25,13,0,0,40
4504,23,10,0,0,15
4505,36,13,0,0,55
4506,41,13,0,0,40
4507,34,14,0,0,50
4508,19,10,0,0,10
4509,18,6,0,0,3
4510,36,6,0,0,40
4511,46,10,0,1887,40
4512,29,10,0,0,45
4513,23,9,0,0,32
4514,35,9,0,0,40
4515,35,9,0,0,40
4516,40,9,0,0,40
4517,22,10,0,0,40
4518,19,10,0,0,15
4519,70,7,0,0,40
4520,38,10,0,0,55
4521,35,10,0,0,50
4522,25,10,0,0,35
4523,39,10,0,0,45
4524,50,16,0,0,37
4525,43,12,0,0,50
4526,37,10,0,0,40
4527,51,9,7298,0,40
4528,29,6,0,0,12
4529,20,9,0,0,40
4530,21,10,0,0,40
4531,47,9,0,0,40
4532,44,12,0,0,40
4533,17,5,0,1719,15
4534,25,7,0,0,40
4535,43,16,0,0,40
4536,46,11,0,0,40
4537,42,10,0,0,60
4538,46,14,0,0,40
4539,22,10,0,0,30
4540,49,9,0,0,40
4541,21,9,0,0,50
4542,53,14,0,0,40
4543,43,10,0,0,42
4544,22,9,0,0,50
4545,33,13,10520,0,45
4546,28,11,0,0,40
4547,25,10,0,0,24
4548,40,13,0,0,40
4549,50,10,0,0,45
4550,48,10,0,0,65
4551,30,9,0,0,40
4552,33,9,0,0,38
4553,34,10,0,0,40
4554,42,13,0,0,40
4555,48,10,0,0,65
4556,38,13,7688,0,45
4557,29,9,0,0,40
4558,33,6,0,0,40
4559,64,13,27828,0,55
4560,44,11,0,0,25
4561,42,13,7298,0,50
4562,49,9,0,0,45
4563,25,9,0,0,40
4564,33,13,0,0,40
4565,38,10,0,0,60
4566,20,9,0,0,38
4567,44,9,0,0,50
4568,45,13,0,0,40
4569,27,9,0,0,50
4570,18,9,0,0,40
4571,38,9,0,0,50
4572,45,7,0,0,42
4573,27,9,2174,0,40
4574,64,3,0,0,16
4575,66,9,3432,0,20
4576,34,13,0,0,35
4577,45,13,0,0,40
4578,42,9,0,0,40
4579,32,13,0,1902,60
4580,26,6,0,0,20
4581,27,11,0,0,40
4582,21,10,0,0,40
4583,23,10,0,0,30
4584,47,10,0,0,40
4585,20,10,0,0,40
4586,46,13,0,0,38
4587,35,9,0,0,40
4588,55,13,0,1887,40
4589,28,10,0,0,24
4590,21,10,0,0,40
4591,36,9,0,0,40
4592,29,16,0,0,60
4593,38,13,0,0,40
4594,37,13,0,0,50
4595,81,2,0,0,45
4596,41,10,0,0,40
4597,29,13,0,0,40
4598,30,12,0,0,40
4599,25,9,0,0,40
4600,42,9,0,0,40
4601,30,9,0,0,40
4602,65,9,0,0,20
4603,18,9,0,0,35
4604,26,7,6497,0,48
4605,30,10,0,0,48
4606,61,12,0,0,42
4607,21,9,0,0,45
4608,53,9,0,0,48
4609,41,15,0,2415,55
4610,43,10,15024,0,45
4611,60,4,0,0,15
4612,47,6,0,0,40
4613,48,10,0,0,40
4614,32,13,0,0,40
4615,25,14,0,0,35
4616,31,13,0,0,40
4617,33,14,0,0,30
4618,27,9,0,0,50
4619,44,9,0,0,40
4620,44,10,7298,0,45
4621,37,10,0,0,40
4622,34,9,0,0,40
4623,51,10,0,0,40
4624,51,14,0,0,40
4625,25,13,0,0,60
4626,25,13,0,0,24
4627,29,13,0,0,50
4628,36,9,0,0,70
4629,55,9,0,0,40
4630,39,13,0,0,40
4631,31,6,0,0,40
4632,31,15,0,0,40
4633,51,11,0,0,40
4634,30,11,2463,0,40
4635,62,9,0,0,32
4636,37,13,99999,0,60
4637,30,13,7688,0,50
4638,27,13,0,0,52
4639,32,13,7298,0,45
4640,23,10,0,0,30
4641,35,5,0,0,50
4642,46,12,0,0,36
4643,45,13,0,0,50
4644,27,9,0,0,40
4645,46,9,0,0,40
4646,22,7,0,0,20
4647,37,10,0,0,30
4648,42,10,0,0,40
4649,45,9,0,0,40
4650,33,11,0,0,40
4651,46,11,0,0,40
4652,24,9,0,0,50
4653,56,9,0,0,40
4654,34,10,0,0,12
4655,50,9,0,0,40
4656,48,13,0,0,50
4657,45,7,0,0,36
4658,55,11,5178,0,50
4659,41,10,0,0,40
4660,66,10,0,0,24
4661,29,10,0,1408,40
4662,37,10,5013,0,40
4663,63,15,0,0,40
4664,61,12,15024,0,40
4665,64,13,27828,0,50
4666,35,9,0,0,35
4667,22,10,0,0,40
4668,58,4,2936,0,50
4669,58,10,0,0,45
4670,24,9,0,0,48
4671,34,10,0,0,6
4672,33,14,0,0,50
4673,33,9,0,0,60
4674,17,7,0,0,15
4675,27,13,0,0,40
4676,20,10,0,0,20
4677,52,13,0,1755,40
4678,30,4,0,0,40
4679,22,13,0,0,40
4680,20,12,0,0,40
4681,64,3,0,0,45
4682,49,14,15024,0,50
4683,38,13,0,0,60
4684,46,9,0,0,80
4685,17,6,0,0,20
4686,45,2,0,0,40
4687,27,13,0,0,40
4688,45,11,0,0,30
4689,26,9,0,0,78
4690,23,12,0,1974,20
4691,44,13,0,0,45
4692,36,13,0,1741,40
4693,35,5,0,0,40
4694,24,9,0,0,40
4695,56,13,0,0,40
4696,47,14,0,0,40
4697,32,13,0,0,50
4698,29,13,3325,0,10
4699,55,12,0,0,5
4700,35,13,0,0,50
4701,37,9,0,0,68
4702,36,11,3908,0,75
4703,33,9,0,0,45
4704,34,9,0,0,50
4705,24,10,0,0,40
4706,25,9,0,0,40
4707,31,9,0,0,45
4708,38,11,0,0,40
4709,30,13,0,0,40
4710,35,9,0,0,32
4711,67,13,0,0,60
4712,34,13,0,0,40
4713,46,9,0,0,40
4714,19,10,0,0,16
4715,26,12,0,0,15
4716,28,10,0,0,40
4717,47,10,0,0,40
4718,49,14,0,0,40
4719,33,15,0,1887,40
4720,44,13,0,0,40
4721,30,9,0,0,40
4722,18,10,0,0,16
4723,60,9,3103,0,60
4724,44,14,14084,0,56
4725,81,15,0,0,24
4726,43,10,0,0,40
4727,35,8,0,0,20
4728,58,9,0,0,72
4729,32,13,0,0,40
4730,40,9,0,0,35
4731,32,9,0,0,40
4732,21,10,0,1721,35
4733,44,9,0,0,25
4734,33,13,0,1902,45
4735,25,10,0,0,40
4736,42,9,0,0,40
4737,27,9,0,0,40
4738,62,6,0,0,40
4739,31,9,0,0,40
4740,33,13,0,0,40
4741,50,10,0,0,55
4742,50,14,7688,0,50
4743,46,11,0,0,60
4744,22,12,0,0,35
4745,66,15,20051,0,55
4746,52,9,0,0,45
4747,57,2,0,1602,45
4748,41,11,0,0,40
4749,42,9,0,1579,42
4750,19,8,0,0,30
4751,45,13,0,0,60
4752,51,8,0,0,99
4753,69,12,0,0,1
4754,45,13,0,0,30
4755,48,10,0,0,50
4756,60,10,7298,0,40
4757,42,9,0,0,40
4758,19,10,0,0,10
4759,39,9,0,0,70
4760,46,9,0,0,50
4761,58,9,3908,0,40
4762,36,10,0,0,45
4763,21,9,0,0,35
4764,41,15,0,0,40
4765,17,7,0,0,20
4766,29,9,0,0,40
4767,52,10,0,0,60
4768,33,12,0,0,40
4769,38,14,0,0,35
4770,42,13,0,0,40
4771,24,12,0,0,30
4772,59,10,0,0,60
4773,36,13,0,2415,45
4774,54,10,7688,0,40
4775,39,13,15024,0,50
4776,42,9,0,0,96
4777,54,13,0,0,50
4778,26,12,0,0,40
4779,50,9,0,0,40
4780,42,11,0,0,45
4781,48,13,7688,0,40
4782,31,13,0,0,30
4783,56,9,0,0,45
4784,28,12,0,0,40
4785,34,9,0,0,45
4786,28,9,0,0,40
4787,41,13,0,0,40
4788,44,10,0,1887,60
4789,34,12,0,0,65
4790,26,14,0,0,55
4791,37,13,0,2824,40
4792,64,10,3411,0,15
4793,25,11,0,0,40
4794,48,10,0,0,40
4795,47,10,0,0,40
4796,17,7,0,0,20
4797,44,3,0,0,40
4798,46,10,0,0,40
4799,32,13,0,0,50
4800,42,10,0,0,40
4801,33,13,0,0,50
4802,61,9,0,0,40
4803,47,13,0,0,40
4804,35,13,8614,0,45
4805,62,6,0,0,40
4806,62,13,0,0,40
4807,38,15,99999,0,60
4808,19,10,0,0,40
4809,33,13,0,0,40
4810,39,13,0,0,42
4811,17,7,0,0,10
4812,58,10,0,0,40
4813,35,13,0,0,50
4814,34,9,4064,0,50
4815,55,4,0,0,40
4816,32,10,0,0,40
4817,19,9,0,0,40
4818,41,9,0,0,40
4819,24,9,0,0,40
4820,52,9,0,0,35
4821,48,13,0,0,40
4822,32,10,0,0,30
4823,47,9,0,0,35
4824,38,15,0,0,40
4825,18,9,0,0,40
4826,25,9,0,0,40
4827,36,13,0,0,32
4828,40,11,0,0,20
4829,56,7,0,0,20
4830,50,11,0,0,40
4831,55,9,6418,0,50
4832,32,9,0,0,40
4833,41,11,0,0,43
4834,28,10,0,0,52
4835,53,10,0,0,55
4836,26,11,0,0,40
4837,60,13,5455,0,55
4838,21,10,0,0,20
4839,29,9,0,0,40
4840,73,10,0,2174,50
4841,43,13,0,0,45
4842,45,10,0,0,45
4843,35,5,0,0,35
4844,36,9,0,0,40
4845,25,9,0,0,50
4846,38,10,0,0,40
4847,30,10,0,0,40
4848,49,10,7298,0,40
4849,41,9,0,0,40
4850,27,10,0,0,40
4851,64,10,0,0,20
4852,41,9,0,0,45
4853,37,13,0,1887,47
4854,51,3,0,0,40
4855,35,10,7443,0,40
4856,61,2,0,0,40
4857,52,4,0,0,16
4858,40,12,0,0,60
4859,20,9,0,0,40
4860,52,14,0,0,40
4861,50,10,0,0,40
4862,49,13,0,0,40
4863,36,13,0,0,40
4864,33,14,0,0,40
4865,40,9,0,0,50
4866,45,13,0,0,50
4867,22,10,0,0,35
4868,47,14,0,0,2
4869,24,9,0,0,30
4870,19,10,0,0,30
4871,40,9,0,0,40
4872,40,10,0,0,50
4873,54,9,15024,0,50
4874,43,15,0,0,35
4875,63,13,0,0,40
4876,18,7,0,0,20
4877,19,2,0,0,40
4878,49,9,0,0,45
4879,27,14,0,0,45
4880,49,14,0,0,40
4881,60,9,0,0,50
4882,71,9,0,0,40
4883,34,9,0,0,40
4884,29,13,0,0,46
4885,30,10,0,0,44
4886,46,9,0,0,17
4887,32,11,0,0,40
4888,25,9,0,0,75
4889,25,14,0,0,45
4890,22,10,0,0,40
4891,32,10,0,0,50
4892,40,16,0,0,30
4893,51,14,27828,0,40
4894,20,9,0,0,30
4895,34,9,0,0,48
4896,40,10,0,0,50
4897,34,11,0,0,40
4898,19,6,0,0,25
4899,53,6,0,0,40
4900,42,10,0,0,40
4901,38,14,0,0,65
4902,41,9,0,0,60
4903,64,15,0,0,16
4904,30,10,0,0,40
4905,20,7,0,0,40
4906,19,9,0,0,30
4907,20,9,0,0,60
4908,35,13,0,0,45
4909,33,9,0,0,40
4910,43,10,0,1902,15
4911,38,10,0,0,38
4912,50,10,0,0,30
4913,23,9,0,0,10
4914,30,10,0,0,10
4915,33,13,0,0,40
4916,48,9,0,0,40
4917,43,13,0,0,24
4918,33,10,0,0,40
4919,50,14,0,0,45
4920,23,10,0,0,40
4921,36,10,0,0,50
4922,50,9,0,0,46
4923,26,9,0,0,20
4924,55,14,0,2267,40
4925,37,9,0,0,40
4926,43,9,0,0,40
4927,38,10,0,0,40
4928,42,4,0,0,30
4929,47,16,0,2002,45
4930,44,13,0,0,40
4931,28,9,0,0,40
4932,51,10,0,0,40
4933,51,9,0,0,40
4934,49,13,0,0,40
4935,62,16,15024,0,50
4936,31,10,0,0,40
4937,29,7,2829,0,14
4938,23,10,0,0,30
4939,40,10,0,0,40
4940,66,4,0,0,50
4941,17,7,0,0,20
4942,37,10,0,0,40
4943,69,15,0,0,3
4944,23,13,0,0,40
4945,38,9,0,0,42
4946,37,9,0,0,40
4947,38,10,0,0,40
4948,38,5,0,0,54
4949,37,13,0,0,40
4950,37,9,0,0,50
4951,23,5,0,0,70
4952,17,6,0,0,15
4953,48,13,0,0,35
4954,17,7,0,0,23
4955,55,14,0,1977,60
4956,35,10,0,0,40
4957,68,10,0,0,12
4958,35,13,0,0,45
4959,53,13,0,0,60
4960,43,9,0,0,48
4961,36,14,0,0,40
4962,24,9,0,0,40
4963,45,10,0,0,48
4964,34,10,0,2057,40
4965,56,9,0,0,38
4966,36,9,0,0,45
4967,22,10,0,0,50
4968,19,5,0,1719,35
4969,33,9,0,0,36
4970,48,9,0,0,32
4971,20,10,0,0,30
4972,64,12,0,1887,50
4973,47,7,0,0,40
4974,20,10,0,0,25
4975,44,13,0,0,40
4976,45,13,0,0,77
4977,45,9,5178,0,40
4978,45,14,0,0,37
4979,27,13,0,0,40
4980,41,9,0,0,72
4981,20,9,0,0,55
4982,54,13,7688,0,40
4983,17,6,0,1602,10
4984,50,9,0,0,40
4985,31,14,0,0,40
4986,49,9,0,0,30
4987,44,14,0,0,40
4988,49,9,0,0,50
4989,28,13,0,0,52
4990,43,10,4386,0,99
4991,33,12,0,0,40
4992,35,10,0,0,55
4993,17,7,0,0,20
4994,25,9,0,0,40
4995,41,9,0,0,40
4996,30,14,0,0,45
4997,48,11,0,0,56
4998,61,10,0,0,35
4999,41,9,0,0,40
5000,36,9,0,0,50
